SKU,Week_Start,Units_Sold,Revenue,Seasonal_Naive_Forecast
SKU001,2024-01-01,106,388389.3,
SKU001,2024-01-08,85,311444.25,
SKU001,2024-01-15,117,428693.85,
SKU001,2024-01-22,89,326100.45,
SKU001,2024-01-29,119,436021.94999999995,
SKU001,2024-02-05,112,410373.6,
SKU001,2024-02-12,104,381061.2,
SKU001,2024-02-19,120,439686.0,
SKU001,2024-02-26,103,377397.15,
SKU001,2024-03-04,119,436021.95,
SKU001,2024-03-11,122,447014.1,
SKU001,2024-03-18,130,476326.5,
SKU001,2024-03-25,102,373733.1,
SKU001,2024-04-01,122,447014.1,
SKU001,2024-04-08,115,421365.75,
SKU001,2024-04-15,103,377397.15,
SKU001,2024-04-22,112,410373.6,
SKU001,2024-04-29,110,403045.5,
SKU001,2024-05-06,117,428693.85,
SKU001,2024-05-13,115,421365.75,
SKU001,2024-05-20,115,421365.75,
SKU001,2024-05-27,108,395717.4,
SKU001,2024-06-03,126,461670.3,
SKU001,2024-06-10,106,388389.3,
SKU001,2024-06-17,100,366405.0,
SKU001,2024-06-24,124,454342.2,
SKU001,2024-07-01,84,307780.2,
SKU001,2024-07-08,101,370069.05,
SKU001,2024-07-15,75,274803.75,
SKU001,2024-07-22,96,351748.8,
SKU001,2024-07-29,94,344420.7,
SKU001,2024-08-05,82,300452.1,
SKU001,2024-08-12,89,326100.45,
SKU001,2024-08-19,98,359076.9,
SKU001,2024-08-26,92,337092.6,
SKU001,2024-09-02,96,351748.8,
SKU001,2024-09-09,89,326100.45,
SKU001,2024-09-16,104,381061.19999999995,
SKU001,2024-09-23,109,399381.45,
SKU001,2024-09-30,71,260147.55,
SKU001,2024-10-07,82,300452.1,
SKU001,2024-10-14,88,322436.4,
SKU001,2024-10-21,89,326100.45,
SKU001,2024-10-28,83,304116.15,
SKU001,2024-11-04,99,362740.95,
SKU001,2024-11-11,80,293124.0,
SKU001,2024-11-18,88,322436.39999999997,
SKU001,2024-11-25,68,249155.4,
SKU001,2024-12-02,83,304116.15,
SKU001,2024-12-09,94,344420.7,
SKU001,2024-12-16,77,282131.85,
SKU001,2024-12-23,105,384725.25,
SKU001,2024-12-30,78,285795.9,106.0
SKU001,2025-01-06,100,366405.0,85.0
SKU001,2025-01-13,89,326100.44999999995,117.0
SKU001,2025-01-20,103,377397.15,89.0
SKU001,2025-01-27,100,366405.0,119.0
SKU001,2025-02-03,106,388389.3,112.0
SKU001,2025-02-10,124,454342.2,104.0
SKU001,2025-02-17,116,425029.8,120.0
SKU001,2025-02-24,111,406709.55,103.0
SKU001,2025-03-03,98,359076.9,119.0
SKU001,2025-03-10,133,487318.65,122.0
SKU001,2025-03-17,128,468998.4,130.0
SKU001,2025-03-24,115,421365.75,102.0
SKU001,2025-03-31,100,366405.0,122.0
SKU001,2025-04-07,112,410373.6,115.0
SKU001,2025-04-14,108,395717.39999999997,103.0
SKU001,2025-04-21,134,490982.7,112.0
SKU001,2025-04-28,99,362740.94999999995,110.0
SKU001,2025-05-05,119,436021.95,117.0
SKU001,2025-05-12,115,421365.75,115.0
SKU001,2025-05-19,119,436021.95,115.0
SKU001,2025-05-26,111,406709.55,108.0
SKU001,2025-06-02,121,443350.05000000005,126.0
SKU001,2025-06-09,104,381061.2,106.0
SKU001,2025-06-16,110,403045.5,100.0
SKU001,2025-06-23,134,490982.69999999995,124.0
SKU001,2025-06-30,101,370069.05,84.0
SKU001,2025-07-07,111,406709.55,101.0
SKU001,2025-07-14,118,432357.9,75.0
SKU001,2025-07-21,111,406709.55,96.0
SKU001,2025-07-28,101,370069.05,94.0
SKU001,2025-08-04,77,282131.85,82.0
SKU001,2025-08-11,90,329764.5,89.0
SKU001,2025-08-18,91,333428.55,98.0
SKU001,2025-08-25,97,355412.85,92.0
SKU001,2025-09-01,88,322436.4,96.0
SKU001,2025-09-08,93,340756.65,89.0
SKU001,2025-09-15,88,322436.4,104.0
SKU001,2025-09-22,86,315108.3,109.0
SKU001,2025-09-29,83,304116.15,71.0
SKU001,2025-10-06,82,300452.1,82.0
SKU001,2025-10-13,82,300452.1,88.0
SKU001,2025-10-20,78,285795.9,89.0
SKU001,2025-10-27,93,340756.65,83.0
SKU001,2025-11-03,92,337092.6,99.0
SKU001,2025-11-10,87,318772.35,80.0
SKU001,2025-11-17,84,307780.2,88.0
SKU001,2025-11-24,84,307780.2,68.0
SKU001,2025-12-01,88,322436.4,83.0
SKU001,2025-12-08,89,326100.45,94.0
SKU001,2025-12-15,91,333428.55,77.0
SKU001,2025-12-22,76,278467.8,105.0
SKU001,2025-12-29,37,135569.85,78.0
SKU002,2024-01-01,83,315872.27,
SKU002,2024-01-08,61,232147.09,
SKU002,2024-01-15,57,216924.33000000002,
SKU002,2024-01-22,62,235952.78,
SKU002,2024-01-29,68,258786.91999999998,
SKU002,2024-02-05,72,274009.68,
SKU002,2024-02-12,65,247369.85,
SKU002,2024-02-19,64,243564.16,
SKU002,2024-02-26,74,281621.06,
SKU002,2024-03-04,69,262592.61,
SKU002,2024-03-11,103,391986.07,
SKU002,2024-03-18,89,338706.41000000003,
SKU002,2024-03-25,106,403403.14,
SKU002,2024-04-01,79,300649.51,
SKU002,2024-04-08,76,289232.44,
SKU002,2024-04-15,93,353929.17,
SKU002,2024-04-22,75,285426.75,
SKU002,2024-04-29,91,346317.79000000004,
SKU002,2024-05-06,88,334900.72,
SKU002,2024-05-13,86,327289.33999999997,
SKU002,2024-05-20,78,296843.82,
SKU002,2024-05-27,77,293038.13,
SKU002,2024-06-03,76,289232.44,
SKU002,2024-06-10,82,312066.58,
SKU002,2024-06-17,62,235952.78,
SKU002,2024-06-24,80,304455.2,
SKU002,2024-07-01,81,308260.89,
SKU002,2024-07-08,74,281621.06,
SKU002,2024-07-15,84,319677.96,
SKU002,2024-07-22,59,224535.71,
SKU002,2024-07-29,51,194090.19,
SKU002,2024-08-05,65,247369.85,
SKU002,2024-08-12,58,220730.02,
SKU002,2024-08-19,46,175061.74,
SKU002,2024-08-26,69,262592.61,
SKU002,2024-09-02,56,213118.64,
SKU002,2024-09-09,61,232147.09,
SKU002,2024-09-16,59,224535.71,
SKU002,2024-09-23,63,239758.47,
SKU002,2024-09-30,51,194090.19,
SKU002,2024-10-07,65,247369.85,
SKU002,2024-10-14,72,274009.68,
SKU002,2024-10-21,47,178867.43,
SKU002,2024-10-28,65,247369.85,
SKU002,2024-11-04,52,197895.88,
SKU002,2024-11-11,67,254981.22999999998,
SKU002,2024-11-18,66,251175.54,
SKU002,2024-11-25,57,216924.33000000002,
SKU002,2024-12-02,66,251175.54,
SKU002,2024-12-09,57,216924.33,
SKU002,2024-12-16,59,224535.71,
SKU002,2024-12-23,65,247369.84999999998,
SKU002,2024-12-30,70,266398.3,83.0
SKU002,2025-01-06,63,239758.47,61.0
SKU002,2025-01-13,67,254981.23,57.0
SKU002,2025-01-20,66,251175.54,62.0
SKU002,2025-01-27,85,323483.64999999997,68.0
SKU002,2025-02-03,71,270203.99,72.0
SKU002,2025-02-10,79,300649.51,65.0
SKU002,2025-02-17,82,312066.58,64.0
SKU002,2025-02-24,95,361540.55,74.0
SKU002,2025-03-03,99,376763.31,69.0
SKU002,2025-03-10,80,304455.2,103.0
SKU002,2025-03-17,81,308260.89,89.0
SKU002,2025-03-24,96,365346.24,106.0
SKU002,2025-03-31,80,304455.2,79.0
SKU002,2025-04-07,89,338706.41000000003,76.0
SKU002,2025-04-14,82,312066.58,93.0
SKU002,2025-04-21,79,300649.51,75.0
SKU002,2025-04-28,67,254981.23,91.0
SKU002,2025-05-05,77,293038.13,88.0
SKU002,2025-05-12,84,319677.96,86.0
SKU002,2025-05-19,82,312066.58,78.0
SKU002,2025-05-26,93,353929.17,77.0
SKU002,2025-06-02,73,277815.37,76.0
SKU002,2025-06-09,91,346317.79,82.0
SKU002,2025-06-16,84,319677.96,62.0
SKU002,2025-06-23,70,266398.3,80.0
SKU002,2025-06-30,53,201701.57,81.0
SKU002,2025-07-07,78,296843.82,74.0
SKU002,2025-07-14,69,262592.61,84.0
SKU002,2025-07-21,76,289232.44,59.0
SKU002,2025-07-28,75,285426.75,51.0
SKU002,2025-08-04,60,228341.4,65.0
SKU002,2025-08-11,70,266398.3,58.0
SKU002,2025-08-18,70,266398.3,46.0
SKU002,2025-08-25,79,300649.51,69.0
SKU002,2025-09-01,62,235952.78,56.0
SKU002,2025-09-08,65,247369.85,61.0
SKU002,2025-09-15,79,300649.51,59.0
SKU002,2025-09-22,60,228341.4,63.0
SKU002,2025-09-29,63,239758.47,51.0
SKU002,2025-10-06,56,213118.64,65.0
SKU002,2025-10-13,59,224535.71,72.0
SKU002,2025-10-20,51,194090.19,47.0
SKU002,2025-10-27,70,266398.3,65.0
SKU002,2025-11-03,72,274009.68,52.0
SKU002,2025-11-10,60,228341.4,67.0
SKU002,2025-11-17,64,243564.16,66.0
SKU002,2025-11-24,66,251175.54,57.0
SKU002,2025-12-01,51,194090.19,66.0
SKU002,2025-12-08,55,209312.95,57.0
SKU002,2025-12-15,55,209312.95,59.0
SKU002,2025-12-22,51,194090.19,65.0
SKU002,2025-12-29,27,102753.63,70.0
SKU003,2024-01-01,36,290816.28,
SKU003,2024-01-08,32,258503.36,
SKU003,2024-01-15,32,258503.36,
SKU003,2024-01-22,43,347363.88999999996,
SKU003,2024-01-29,40,323129.2,
SKU003,2024-02-05,46,371598.58,
SKU003,2024-02-12,34,274659.82,
SKU003,2024-02-19,44,355442.12,
SKU003,2024-02-26,52,420067.96,
SKU003,2024-03-04,66,533163.1799999999,
SKU003,2024-03-11,46,371598.57999999996,
SKU003,2024-03-18,48,387755.04000000004,
SKU003,2024-03-25,49,395833.27,
SKU003,2024-04-01,48,387755.04,
SKU003,2024-04-08,47,379676.81,
SKU003,2024-04-15,47,379676.81,
SKU003,2024-04-22,45,363520.35,
SKU003,2024-04-29,45,363520.35,
SKU003,2024-05-06,37,298894.51,
SKU003,2024-05-13,41,331207.43000000005,
SKU003,2024-05-20,50,403911.5,
SKU003,2024-05-27,60,484693.80000000005,
SKU003,2024-06-03,52,420067.96,
SKU003,2024-06-10,47,379676.81,
SKU003,2024-06-17,57,460459.11,
SKU003,2024-06-24,30,242346.9,
SKU003,2024-07-01,43,347363.89,
SKU003,2024-07-08,32,258503.36000000002,
SKU003,2024-07-15,28,226190.44,
SKU003,2024-07-22,42,339285.66000000003,
SKU003,2024-07-29,45,363520.35,
SKU003,2024-08-05,35,282738.05,
SKU003,2024-08-12,37,298894.51,
SKU003,2024-08-19,38,306972.74,
SKU003,2024-08-26,40,323129.2,
SKU003,2024-09-02,38,306972.74,
SKU003,2024-09-09,30,242346.9,
SKU003,2024-09-16,41,331207.43,
SKU003,2024-09-23,32,258503.36000000002,
SKU003,2024-09-30,32,258503.36,
SKU003,2024-10-07,34,274659.82,
SKU003,2024-10-14,27,218112.21,
SKU003,2024-10-21,35,282738.05,
SKU003,2024-10-28,17,137329.91,
SKU003,2024-11-04,41,331207.43,
SKU003,2024-11-11,38,306972.74,
SKU003,2024-11-18,39,315050.97,
SKU003,2024-11-25,36,290816.28,
SKU003,2024-12-02,38,306972.74,
SKU003,2024-12-09,23,185799.29,
SKU003,2024-12-16,48,387755.04,
SKU003,2024-12-23,30,242346.9,
SKU003,2024-12-30,32,258503.36,36.0
SKU003,2025-01-06,34,274659.82,32.0
SKU003,2025-01-13,41,331207.43,32.0
SKU003,2025-01-20,23,185799.29,43.0
SKU003,2025-01-27,40,323129.2,40.0
SKU003,2025-02-03,34,274659.82,46.0
SKU003,2025-02-10,47,379676.81,34.0
SKU003,2025-02-17,45,363520.35,44.0
SKU003,2025-02-24,54,436224.42,52.0
SKU003,2025-03-03,44,355442.12,66.0
SKU003,2025-03-10,57,460459.11000000004,46.0
SKU003,2025-03-17,69,557397.87,48.0
SKU003,2025-03-24,50,403911.5,49.0
SKU003,2025-03-31,38,306972.74,48.0
SKU003,2025-04-07,48,387755.04000000004,47.0
SKU003,2025-04-14,48,387755.04000000004,47.0
SKU003,2025-04-21,49,395833.27,45.0
SKU003,2025-04-28,41,331207.43,45.0
SKU003,2025-05-05,50,403911.5,37.0
SKU003,2025-05-12,41,331207.43,41.0
SKU003,2025-05-19,43,347363.89,50.0
SKU003,2025-05-26,45,363520.35,60.0
SKU003,2025-06-02,50,403911.5,52.0
SKU003,2025-06-09,53,428146.19,47.0
SKU003,2025-06-16,48,387755.04000000004,57.0
SKU003,2025-06-23,44,355442.12,30.0
SKU003,2025-06-30,42,339285.66,43.0
SKU003,2025-07-07,44,355442.12,32.0
SKU003,2025-07-14,37,298894.51,28.0
SKU003,2025-07-21,41,331207.43,42.0
SKU003,2025-07-28,26,210033.98,45.0
SKU003,2025-08-04,38,306972.74,35.0
SKU003,2025-08-11,39,315050.97,37.0
SKU003,2025-08-18,34,274659.82,38.0
SKU003,2025-08-25,27,218112.21,40.0
SKU003,2025-09-01,34,274659.82,38.0
SKU003,2025-09-08,42,339285.66,30.0
SKU003,2025-09-15,39,315050.97,41.0
SKU003,2025-09-22,42,339285.66000000003,32.0
SKU003,2025-09-29,43,347363.89,32.0
SKU003,2025-10-06,33,266581.58999999997,34.0
SKU003,2025-10-13,26,210033.97999999998,27.0
SKU003,2025-10-20,34,274659.82,35.0
SKU003,2025-10-27,41,331207.43,17.0
SKU003,2025-11-03,39,315050.97,41.0
SKU003,2025-11-10,37,298894.51,38.0
SKU003,2025-11-17,41,331207.43,39.0
SKU003,2025-11-24,29,234268.66999999998,36.0
SKU003,2025-12-01,38,306972.74,38.0
SKU003,2025-12-08,33,266581.59,23.0
SKU003,2025-12-15,23,185799.29,48.0
SKU003,2025-12-22,34,274659.82,30.0
SKU003,2025-12-29,17,137329.91,32.0
SKU004,2024-01-01,31,212708.66999999998,
SKU004,2024-01-08,25,171539.25,
SKU004,2024-01-15,38,260739.65999999997,
SKU004,2024-01-22,33,226431.81,
SKU004,2024-01-29,43,295047.51,
SKU004,2024-02-05,34,233293.38,
SKU004,2024-02-12,35,240154.94999999998,
SKU004,2024-02-19,22,150954.53999999998,
SKU004,2024-02-26,45,308770.65,
SKU004,2024-03-04,40,274462.8,
SKU004,2024-03-11,41,281324.37,
SKU004,2024-03-18,36,247016.52,
SKU004,2024-03-25,27,185262.38999999998,
SKU004,2024-04-01,35,240154.94999999998,
SKU004,2024-04-08,30,205847.09999999998,
SKU004,2024-04-15,44,301909.07999999996,
SKU004,2024-04-22,28,192123.96,
SKU004,2024-04-29,37,253878.09,
SKU004,2024-05-06,47,322493.79,
SKU004,2024-05-13,54,370524.77999999997,
SKU004,2024-05-20,40,274462.8,
SKU004,2024-05-27,28,192123.96,
SKU004,2024-06-03,41,281324.37,
SKU004,2024-06-10,40,274462.8,
SKU004,2024-06-17,37,253878.09,
SKU004,2024-06-24,34,233293.38,
SKU004,2024-07-01,28,192123.96,
SKU004,2024-07-08,33,226431.81,
SKU004,2024-07-15,35,240154.94999999998,
SKU004,2024-07-22,32,219570.24,
SKU004,2024-07-29,32,219570.24,
SKU004,2024-08-05,33,226431.81,
SKU004,2024-08-12,30,205847.09999999998,
SKU004,2024-08-19,29,198985.53,
SKU004,2024-08-26,22,150954.53999999998,
SKU004,2024-09-02,30,205847.09999999998,
SKU004,2024-09-09,34,233293.38,
SKU004,2024-09-16,29,198985.53,
SKU004,2024-09-23,26,178400.82,
SKU004,2024-09-30,26,178400.82,
SKU004,2024-10-07,29,198985.53,
SKU004,2024-10-14,29,198985.53,
SKU004,2024-10-21,26,178400.82,
SKU004,2024-10-28,32,219570.24,
SKU004,2024-11-04,29,198985.53,
SKU004,2024-11-11,26,178400.82,
SKU004,2024-11-18,19,130369.82999999999,
SKU004,2024-11-25,24,164677.68,
SKU004,2024-12-02,30,205847.09999999998,
SKU004,2024-12-09,33,226431.81,
SKU004,2024-12-16,27,185262.38999999998,
SKU004,2024-12-23,28,192123.96,
SKU004,2024-12-30,37,253878.09,31.0
SKU004,2025-01-06,35,240154.94999999998,25.0
SKU004,2025-01-13,24,164677.68,38.0
SKU004,2025-01-20,38,260739.65999999997,33.0
SKU004,2025-01-27,34,233293.38,43.0
SKU004,2025-02-03,32,219570.24,34.0
SKU004,2025-02-10,37,253878.09,35.0
SKU004,2025-02-17,33,226431.81,22.0
SKU004,2025-02-24,50,343078.5,45.0
SKU004,2025-03-03,36,247016.52,40.0
SKU004,2025-03-10,35,240154.94999999998,41.0
SKU004,2025-03-17,39,267601.23,36.0
SKU004,2025-03-24,43,295047.51,27.0
SKU004,2025-03-31,22,150954.53999999998,35.0
SKU004,2025-04-07,39,267601.23,30.0
SKU004,2025-04-14,45,308770.64999999997,44.0
SKU004,2025-04-21,41,281324.37,28.0
SKU004,2025-04-28,31,212708.66999999998,37.0
SKU004,2025-05-05,34,233293.38,47.0
SKU004,2025-05-12,33,226431.81,54.0
SKU004,2025-05-19,38,260739.65999999997,40.0
SKU004,2025-05-26,30,205847.09999999998,28.0
SKU004,2025-06-02,28,192123.96,41.0
SKU004,2025-06-09,29,198985.53,40.0
SKU004,2025-06-16,48,329355.36,37.0
SKU004,2025-06-23,31,212708.66999999998,34.0
SKU004,2025-06-30,27,185262.38999999998,28.0
SKU004,2025-07-07,32,219570.24,33.0
SKU004,2025-07-14,34,233293.38,35.0
SKU004,2025-07-21,29,198985.53,32.0
SKU004,2025-07-28,33,226431.81,32.0
SKU004,2025-08-04,26,178400.82,33.0
SKU004,2025-08-11,26,178400.82,30.0
SKU004,2025-08-18,18,123508.26,29.0
SKU004,2025-08-25,36,247016.52,22.0
SKU004,2025-09-01,38,260739.65999999997,30.0
SKU004,2025-09-08,29,198985.53,34.0
SKU004,2025-09-15,26,178400.82,29.0
SKU004,2025-09-22,28,192123.96,26.0
SKU004,2025-09-29,23,157816.11,26.0
SKU004,2025-10-06,28,192123.96,29.0
SKU004,2025-10-13,24,164677.68,29.0
SKU004,2025-10-20,24,164677.68,26.0
SKU004,2025-10-27,32,219570.24,32.0
SKU004,2025-11-03,27,185262.38999999998,29.0
SKU004,2025-11-10,31,212708.66999999998,26.0
SKU004,2025-11-17,28,192123.96,19.0
SKU004,2025-11-24,22,150954.53999999998,24.0
SKU004,2025-12-01,28,192123.96,30.0
SKU004,2025-12-08,39,267601.23,33.0
SKU004,2025-12-15,38,260739.65999999997,27.0
SKU004,2025-12-22,30,205847.09999999998,28.0
SKU004,2025-12-29,6,41169.42,37.0
SKU005,2024-01-01,109,1034760.98,
SKU005,2024-01-08,116,1101213.52,
SKU005,2024-01-15,108,1025267.76,
SKU005,2024-01-22,102,968308.44,
SKU005,2024-01-29,129,1224625.38,
SKU005,2024-02-05,135,1281584.7,
SKU005,2024-02-12,144,1367023.68,
SKU005,2024-02-19,124,1177159.28,
SKU005,2024-02-26,134,1272091.48,
SKU005,2024-03-04,147,1395503.3399999999,
SKU005,2024-03-11,144,1367023.68,
SKU005,2024-03-18,151,1433476.22,
SKU005,2024-03-25,126,1196145.72,
SKU005,2024-04-01,138,1310064.3599999999,
SKU005,2024-04-08,113,1072733.8599999999,
SKU005,2024-04-15,140,1329050.8,
SKU005,2024-04-22,113,1072733.8599999999,
SKU005,2024-04-29,122,1158172.8399999999,
SKU005,2024-05-06,142,1348037.24,
SKU005,2024-05-13,122,1158172.8399999999,
SKU005,2024-05-20,118,1120199.96,
SKU005,2024-05-27,124,1177159.28,
SKU005,2024-06-03,157,1490435.54,
SKU005,2024-06-10,138,1310064.3599999999,
SKU005,2024-06-17,149,1414489.78,
SKU005,2024-06-24,145,1376516.9,
SKU005,2024-07-01,105,996788.0999999999,
SKU005,2024-07-08,114,1082227.08,
SKU005,2024-07-15,109,1034760.98,
SKU005,2024-07-22,114,1082227.0799999998,
SKU005,2024-07-29,108,1025267.7599999999,
SKU005,2024-08-05,95,901855.8999999999,
SKU005,2024-08-12,103,977801.6599999999,
SKU005,2024-08-19,113,1072733.8599999999,
SKU005,2024-08-26,122,1158172.8399999999,
SKU005,2024-09-02,113,1072733.8599999999,
SKU005,2024-09-09,104,987294.8799999999,
SKU005,2024-09-16,95,901855.8999999999,
SKU005,2024-09-23,108,1025267.76,
SKU005,2024-09-30,86,816416.9199999999,
SKU005,2024-10-07,96,911349.1199999999,
SKU005,2024-10-14,92,873376.24,
SKU005,2024-10-21,85,806923.7,
SKU005,2024-10-28,109,1034760.98,
SKU005,2024-11-04,109,1034760.98,
SKU005,2024-11-11,123,1167666.06,
SKU005,2024-11-18,104,987294.8799999999,
SKU005,2024-11-25,79,749964.38,
SKU005,2024-12-02,95,901855.8999999999,
SKU005,2024-12-09,107,1015774.5399999999,
SKU005,2024-12-16,110,1044254.2,
SKU005,2024-12-23,106,1006281.32,
SKU005,2024-12-30,111,1053747.42,109.0
SKU005,2025-01-06,97,920842.34,116.0
SKU005,2025-01-13,133,1262598.26,108.0
SKU005,2025-01-20,110,1044254.2,102.0
SKU005,2025-01-27,107,1015774.54,129.0
SKU005,2025-02-03,123,1167666.06,135.0
SKU005,2025-02-10,132,1253105.04,144.0
SKU005,2025-02-17,139,1319557.58,124.0
SKU005,2025-02-24,160,1518915.2,134.0
SKU005,2025-03-03,140,1329050.7999999998,147.0
SKU005,2025-03-10,142,1348037.24,144.0
SKU005,2025-03-17,144,1367023.68,151.0
SKU005,2025-03-24,134,1272091.48,126.0
SKU005,2025-03-31,142,1348037.24,138.0
SKU005,2025-04-07,132,1253105.04,113.0
SKU005,2025-04-14,134,1272091.48,140.0
SKU005,2025-04-21,141,1338544.02,113.0
SKU005,2025-04-28,116,1101213.52,122.0
SKU005,2025-05-05,117,1110706.74,142.0
SKU005,2025-05-12,122,1158172.8399999999,122.0
SKU005,2025-05-19,137,1300571.14,118.0
SKU005,2025-05-26,130,1234118.5999999999,124.0
SKU005,2025-06-02,140,1329050.7999999998,157.0
SKU005,2025-06-09,133,1262598.26,138.0
SKU005,2025-06-16,116,1101213.52,149.0
SKU005,2025-06-23,134,1272091.48,145.0
SKU005,2025-06-30,99,939828.78,105.0
SKU005,2025-07-07,104,987294.8799999999,114.0
SKU005,2025-07-14,106,1006281.32,109.0
SKU005,2025-07-21,124,1177159.28,114.0
SKU005,2025-07-28,115,1091720.3,108.0
SKU005,2025-08-04,96,911349.1199999999,95.0
SKU005,2025-08-11,114,1082227.0799999998,103.0
SKU005,2025-08-18,95,901855.9,113.0
SKU005,2025-08-25,96,911349.12,122.0
SKU005,2025-09-01,95,901855.8999999999,113.0
SKU005,2025-09-08,96,911349.12,104.0
SKU005,2025-09-15,89,844896.58,95.0
SKU005,2025-09-22,108,1025267.76,108.0
SKU005,2025-09-29,97,920842.34,86.0
SKU005,2025-10-06,107,1015774.5399999999,96.0
SKU005,2025-10-13,105,996788.1,92.0
SKU005,2025-10-20,98,930335.5599999999,85.0
SKU005,2025-10-27,104,987294.88,109.0
SKU005,2025-11-03,114,1082227.08,109.0
SKU005,2025-11-10,102,968308.44,123.0
SKU005,2025-11-17,115,1091720.3,104.0
SKU005,2025-11-24,100,949322.0,79.0
SKU005,2025-12-01,96,911349.12,95.0
SKU005,2025-12-08,103,977801.6599999999,107.0
SKU005,2025-12-15,100,949321.9999999999,110.0
SKU005,2025-12-22,108,1025267.7599999999,106.0
SKU005,2025-12-29,50,474661.0,111.0
SKU006,2024-01-01,38,308029.52,
SKU006,2024-01-08,34,275605.36,
SKU006,2024-01-15,43,348559.72,
SKU006,2024-01-22,39,316135.56,
SKU006,2024-01-29,49,397195.96,
SKU006,2024-02-05,50,405302.0,
SKU006,2024-02-12,52,421514.08,
SKU006,2024-02-19,50,405302.0,
SKU006,2024-02-26,56,453938.24,
SKU006,2024-03-04,76,616059.04,
SKU006,2024-03-11,50,405302.0,
SKU006,2024-03-18,55,445832.2,
SKU006,2024-03-25,53,429620.12,
SKU006,2024-04-01,68,551210.72,
SKU006,2024-04-08,61,494468.44,
SKU006,2024-04-15,54,437726.16,
SKU006,2024-04-22,44,356665.76,
SKU006,2024-04-29,54,437726.16000000003,
SKU006,2024-05-06,45,364771.8,
SKU006,2024-05-13,52,421514.08,
SKU006,2024-05-20,58,470150.31999999995,
SKU006,2024-05-27,46,372877.83999999997,
SKU006,2024-06-03,33,267499.32,
SKU006,2024-06-10,41,332347.63999999996,
SKU006,2024-06-17,42,340453.68,
SKU006,2024-06-24,59,478256.36,
SKU006,2024-07-01,54,437726.16,
SKU006,2024-07-08,42,340453.68,
SKU006,2024-07-15,47,380983.88,
SKU006,2024-07-22,48,389089.92,
SKU006,2024-07-29,45,364771.8,
SKU006,2024-08-05,25,202651.0,
SKU006,2024-08-12,39,316135.56,
SKU006,2024-08-19,34,275605.36,
SKU006,2024-08-26,55,445832.2,
SKU006,2024-09-02,33,267499.32,
SKU006,2024-09-09,38,308029.52,
SKU006,2024-09-16,42,340453.68,
SKU006,2024-09-23,40,324241.6,
SKU006,2024-09-30,47,380983.88,
SKU006,2024-10-07,38,308029.52,
SKU006,2024-10-14,37,299923.48,
SKU006,2024-10-21,29,235075.16,
SKU006,2024-10-28,40,324241.6,
SKU006,2024-11-04,40,324241.6,
SKU006,2024-11-11,28,226969.12,
SKU006,2024-11-18,41,332347.64,
SKU006,2024-11-25,44,356665.76,
SKU006,2024-12-02,44,356665.76,
SKU006,2024-12-09,34,275605.36,
SKU006,2024-12-16,44,356665.76,
SKU006,2024-12-23,48,389089.92,
SKU006,2024-12-30,45,364771.8,38.0
SKU006,2025-01-06,50,405302.0,34.0
SKU006,2025-01-13,46,372877.83999999997,43.0
SKU006,2025-01-20,51,413408.04,39.0
SKU006,2025-01-27,47,380983.88,49.0
SKU006,2025-02-03,46,372877.83999999997,50.0
SKU006,2025-02-10,45,364771.8,52.0
SKU006,2025-02-17,51,413408.04,50.0
SKU006,2025-02-24,57,462044.28,56.0
SKU006,2025-03-03,58,470150.31999999995,76.0
SKU006,2025-03-10,66,534998.64,50.0
SKU006,2025-03-17,42,340453.68,55.0
SKU006,2025-03-24,55,445832.2,53.0
SKU006,2025-03-31,56,453938.24,68.0
SKU006,2025-04-07,53,429620.12,61.0
SKU006,2025-04-14,46,372877.84,54.0
SKU006,2025-04-21,67,543104.6799999999,44.0
SKU006,2025-04-28,44,356665.76,54.0
SKU006,2025-05-05,66,534998.64,45.0
SKU006,2025-05-12,55,445832.2,52.0
SKU006,2025-05-19,51,413408.04,58.0
SKU006,2025-05-26,50,405302.0,46.0
SKU006,2025-06-02,57,462044.27999999997,33.0
SKU006,2025-06-09,64,518786.56,41.0
SKU006,2025-06-16,42,340453.68,42.0
SKU006,2025-06-23,54,437726.16,59.0
SKU006,2025-06-30,41,332347.64,54.0
SKU006,2025-07-07,31,251287.24,42.0
SKU006,2025-07-14,45,364771.8,47.0
SKU006,2025-07-21,43,348559.72,48.0
SKU006,2025-07-28,49,397195.95999999996,45.0
SKU006,2025-08-04,46,372877.83999999997,25.0
SKU006,2025-08-11,38,308029.51999999996,39.0
SKU006,2025-08-18,42,340453.68,34.0
SKU006,2025-08-25,36,291817.44,55.0
SKU006,2025-09-01,43,348559.72,33.0
SKU006,2025-09-08,40,324241.6,38.0
SKU006,2025-09-15,45,364771.8,42.0
SKU006,2025-09-22,48,389089.92,40.0
SKU006,2025-09-29,43,348559.72,47.0
SKU006,2025-10-06,38,308029.52,38.0
SKU006,2025-10-13,29,235075.15999999997,37.0
SKU006,2025-10-20,34,275605.36,29.0
SKU006,2025-10-27,36,291817.44,40.0
SKU006,2025-11-03,39,316135.56,40.0
SKU006,2025-11-10,31,251287.24,28.0
SKU006,2025-11-17,45,364771.8,41.0
SKU006,2025-11-24,40,324241.6,44.0
SKU006,2025-12-01,37,299923.48,44.0
SKU006,2025-12-08,41,332347.64,34.0
SKU006,2025-12-15,41,332347.64,44.0
SKU006,2025-12-22,43,348559.72,48.0
SKU006,2025-12-29,20,162120.8,45.0
SKU007,2024-01-01,172,879623.48,
SKU007,2024-01-08,178,910308.02,
SKU007,2024-01-15,189,966563.01,
SKU007,2024-01-22,176,900079.84,
SKU007,2024-01-29,171,874509.39,
SKU007,2024-02-05,163,833596.6699999999,
SKU007,2024-02-12,195,997247.55,
SKU007,2024-02-19,173,884737.57,
SKU007,2024-02-26,201,1027932.09,
SKU007,2024-03-04,195,997247.55,
SKU007,2024-03-11,212,1084187.08,
SKU007,2024-03-18,223,1140442.07,
SKU007,2024-03-25,192,981905.28,
SKU007,2024-04-01,199,1017703.91,
SKU007,2024-04-08,222,1135327.98,
SKU007,2024-04-15,199,1017703.91,
SKU007,2024-04-22,198,1012589.8200000001,
SKU007,2024-04-29,188,961448.9199999999,
SKU007,2024-05-06,174,889851.66,
SKU007,2024-05-13,184,940992.56,
SKU007,2024-05-20,209,1068844.81,
SKU007,2024-05-27,242,1237609.78,
SKU007,2024-06-03,196,1002361.64,
SKU007,2024-06-10,203,1038160.27,
SKU007,2024-06-17,219,1119985.71,
SKU007,2024-06-24,204,1043274.36,
SKU007,2024-07-01,187,956334.83,
SKU007,2024-07-08,179,915422.11,
SKU007,2024-07-15,180,920536.2,
SKU007,2024-07-22,172,879623.48,
SKU007,2024-07-29,160,818254.4,
SKU007,2024-08-05,141,721086.69,
SKU007,2024-08-12,164,838710.76,
SKU007,2024-08-19,160,818254.4,
SKU007,2024-08-26,151,772227.59,
SKU007,2024-09-02,157,802912.13,
SKU007,2024-09-09,174,889851.6599999999,
SKU007,2024-09-16,151,772227.59,
SKU007,2024-09-23,170,869395.3,
SKU007,2024-09-30,130,664831.7,
SKU007,2024-10-07,123,629033.0700000001,
SKU007,2024-10-14,128,654603.52,
SKU007,2024-10-21,124,634147.16,
SKU007,2024-10-28,152,777341.6799999999,
SKU007,2024-11-04,172,879623.48,
SKU007,2024-11-11,159,813140.31,
SKU007,2024-11-18,167,854053.03,
SKU007,2024-11-25,132,675059.88,
SKU007,2024-12-02,148,756885.32,
SKU007,2024-12-09,137,700630.3300000001,
SKU007,2024-12-16,167,854053.03,
SKU007,2024-12-23,147,751771.23,
SKU007,2024-12-30,175,894965.75,172.0
SKU007,2025-01-06,171,874509.3899999999,178.0
SKU007,2025-01-13,156,797798.04,189.0
SKU007,2025-01-20,179,915422.11,176.0
SKU007,2025-01-27,178,910308.02,171.0
SKU007,2025-02-03,179,915422.11,163.0
SKU007,2025-02-10,171,874509.39,195.0
SKU007,2025-02-17,171,874509.39,173.0
SKU007,2025-02-24,189,966563.01,201.0
SKU007,2025-03-03,217,1109757.53,195.0
SKU007,2025-03-10,191,976791.19,212.0
SKU007,2025-03-17,194,992133.46,223.0
SKU007,2025-03-24,208,1063730.72,192.0
SKU007,2025-03-31,201,1027932.09,199.0
SKU007,2025-04-07,194,992133.46,222.0
SKU007,2025-04-14,200,1022818.0,199.0
SKU007,2025-04-21,201,1027932.0900000001,198.0
SKU007,2025-04-28,199,1017703.91,188.0
SKU007,2025-05-05,168,859167.12,174.0
SKU007,2025-05-12,180,920536.2,184.0
SKU007,2025-05-19,203,1038160.27,209.0
SKU007,2025-05-26,196,1002361.64,242.0
SKU007,2025-06-02,185,946106.6499999999,196.0
SKU007,2025-06-09,174,889851.6599999999,203.0
SKU007,2025-06-16,187,956334.83,219.0
SKU007,2025-06-23,212,1084187.08,204.0
SKU007,2025-06-30,181,925650.29,187.0
SKU007,2025-07-07,187,956334.83,179.0
SKU007,2025-07-14,161,823368.49,180.0
SKU007,2025-07-21,167,854053.03,172.0
SKU007,2025-07-28,181,925650.29,160.0
SKU007,2025-08-04,145,741543.05,141.0
SKU007,2025-08-11,158,808026.22,164.0
SKU007,2025-08-18,146,746657.1399999999,160.0
SKU007,2025-08-25,170,869395.3,151.0
SKU007,2025-09-01,152,777341.6799999999,157.0
SKU007,2025-09-08,153,782455.77,174.0
SKU007,2025-09-15,162,828482.58,151.0
SKU007,2025-09-22,171,874509.39,170.0
SKU007,2025-09-29,129,659717.61,130.0
SKU007,2025-10-06,149,761999.41,123.0
SKU007,2025-10-13,158,808026.22,128.0
SKU007,2025-10-20,131,669945.79,124.0
SKU007,2025-10-27,152,777341.6799999999,152.0
SKU007,2025-11-03,142,726200.78,172.0
SKU007,2025-11-10,131,669945.79,159.0
SKU007,2025-11-17,157,802912.13,167.0
SKU007,2025-11-24,181,925650.29,132.0
SKU007,2025-12-01,145,741543.05,148.0
SKU007,2025-12-08,154,787569.86,137.0
SKU007,2025-12-15,149,761999.41,167.0
SKU007,2025-12-22,161,823368.49,147.0
SKU007,2025-12-29,68,347758.12,175.0
SKU008,2024-01-01,119,1171274.16,
SKU008,2024-01-08,137,1348441.68,
SKU008,2024-01-15,118,1161431.52,
SKU008,2024-01-22,108,1063005.12,
SKU008,2024-01-29,114,1122060.96,
SKU008,2024-02-05,113,1112218.32,
SKU008,2024-02-12,107,1053162.48,
SKU008,2024-02-19,118,1161431.52,
SKU008,2024-02-26,131,1289385.84,
SKU008,2024-03-04,132,1299228.48,
SKU008,2024-03-11,147,1446868.08,
SKU008,2024-03-18,144,1417340.16,
SKU008,2024-03-25,128,1259857.92,
SKU008,2024-04-01,128,1259857.92,
SKU008,2024-04-08,128,1259857.92,
SKU008,2024-04-15,139,1368126.96,
SKU008,2024-04-22,134,1318913.76,
SKU008,2024-04-29,139,1368126.96,
SKU008,2024-05-06,131,1289385.8399999999,
SKU008,2024-05-13,128,1259857.92,
SKU008,2024-05-20,137,1348441.68,
SKU008,2024-05-27,140,1377969.5999999999,
SKU008,2024-06-03,125,1230330.0,
SKU008,2024-06-10,106,1043319.84,
SKU008,2024-06-17,134,1318913.76,
SKU008,2024-06-24,144,1417340.1600000001,
SKU008,2024-07-01,112,1102375.68,
SKU008,2024-07-08,120,1181116.8,
SKU008,2024-07-15,108,1063005.12,
SKU008,2024-07-22,134,1318913.76,
SKU008,2024-07-29,100,984264.0,
SKU008,2024-08-05,97,954736.08,
SKU008,2024-08-12,99,974421.36,
SKU008,2024-08-19,113,1112218.32,
SKU008,2024-08-26,107,1053162.48,
SKU008,2024-09-02,115,1131903.6,
SKU008,2024-09-09,93,915365.52,
SKU008,2024-09-16,101,994106.64,
SKU008,2024-09-23,107,1053162.48,
SKU008,2024-09-30,89,875994.96,
SKU008,2024-10-07,80,787411.2,
SKU008,2024-10-14,71,698827.44,
SKU008,2024-10-21,97,954736.0800000001,
SKU008,2024-10-28,99,974421.36,
SKU008,2024-11-04,97,954736.08,
SKU008,2024-11-11,106,1043319.84,
SKU008,2024-11-18,88,866152.32,
SKU008,2024-11-25,108,1063005.12,
SKU008,2024-12-02,109,1072847.76,
SKU008,2024-12-09,104,1023634.5599999999,
SKU008,2024-12-16,82,807096.48,
SKU008,2024-12-23,97,954736.0800000001,
SKU008,2024-12-30,103,1013791.9199999999,119.0
SKU008,2025-01-06,105,1033477.2,137.0
SKU008,2025-01-13,111,1092533.04,118.0
SKU008,2025-01-20,106,1043319.84,108.0
SKU008,2025-01-27,121,1190959.44,114.0
SKU008,2025-02-03,134,1318913.76,113.0
SKU008,2025-02-10,122,1200802.08,107.0
SKU008,2025-02-17,112,1102375.68,118.0
SKU008,2025-02-24,138,1358284.32,131.0
SKU008,2025-03-03,133,1309071.1199999999,132.0
SKU008,2025-03-10,153,1505923.92,147.0
SKU008,2025-03-17,139,1368126.96,144.0
SKU008,2025-03-24,154,1515766.56,128.0
SKU008,2025-03-31,146,1437025.44,128.0
SKU008,2025-04-07,131,1289385.84,128.0
SKU008,2025-04-14,138,1358284.32,139.0
SKU008,2025-04-21,130,1279543.2,134.0
SKU008,2025-04-28,127,1250015.28,139.0
SKU008,2025-05-05,139,1368126.96,131.0
SKU008,2025-05-12,121,1190959.44,128.0
SKU008,2025-05-19,118,1161431.52,137.0
SKU008,2025-05-26,135,1328756.4,140.0
SKU008,2025-06-02,122,1200802.08,125.0
SKU008,2025-06-09,136,1338599.04,106.0
SKU008,2025-06-16,101,994106.6399999999,134.0
SKU008,2025-06-23,118,1161431.52,144.0
SKU008,2025-06-30,128,1259857.92,112.0
SKU008,2025-07-07,109,1072847.76,120.0
SKU008,2025-07-14,110,1082690.4,108.0
SKU008,2025-07-21,105,1033477.2,134.0
SKU008,2025-07-28,112,1102375.68,100.0
SKU008,2025-08-04,101,994106.6399999999,97.0
SKU008,2025-08-11,126,1240172.64,99.0
SKU008,2025-08-18,89,875994.96,113.0
SKU008,2025-08-25,101,994106.6399999999,107.0
SKU008,2025-09-01,92,905522.88,115.0
SKU008,2025-09-08,90,885837.6,93.0
SKU008,2025-09-15,87,856309.6799999999,101.0
SKU008,2025-09-22,93,915365.52,107.0
SKU008,2025-09-29,98,964578.72,89.0
SKU008,2025-10-06,88,866152.32,80.0
SKU008,2025-10-13,115,1131903.6,71.0
SKU008,2025-10-20,81,797253.84,97.0
SKU008,2025-10-27,100,984264.0,99.0
SKU008,2025-11-03,112,1102375.68,97.0
SKU008,2025-11-10,94,925208.1599999999,106.0
SKU008,2025-11-17,91,895680.24,88.0
SKU008,2025-11-24,117,1151588.8800000001,108.0
SKU008,2025-12-01,97,954736.08,109.0
SKU008,2025-12-08,112,1102375.68,104.0
SKU008,2025-12-15,100,984264.0,82.0
SKU008,2025-12-22,105,1033477.2,97.0
SKU008,2025-12-29,36,354335.04,103.0
SKU009,2024-01-01,70,163582.3,
SKU009,2024-01-08,66,154234.74,
SKU009,2024-01-15,73,170592.97,
SKU009,2024-01-22,80,186951.19999999998,
SKU009,2024-01-29,103,240699.66999999998,
SKU009,2024-02-05,85,198635.65,
SKU009,2024-02-12,79,184614.31,
SKU009,2024-02-19,80,186951.2,
SKU009,2024-02-26,92,214993.88,
SKU009,2024-03-04,86,200972.54,
SKU009,2024-03-11,101,236025.89,
SKU009,2024-03-18,95,222004.55,
SKU009,2024-03-25,88,205646.32,
SKU009,2024-04-01,82,191624.98,
SKU009,2024-04-08,106,247710.34,
SKU009,2024-04-15,100,233689.0,
SKU009,2024-04-22,104,243036.56,
SKU009,2024-04-29,80,186951.19999999998,
SKU009,2024-05-06,70,163582.3,
SKU009,2024-05-13,83,193961.87,
SKU009,2024-05-20,83,193961.87,
SKU009,2024-05-27,74,172929.86,
SKU009,2024-06-03,94,219667.66,
SKU009,2024-06-10,93,217330.77,
SKU009,2024-06-17,64,149560.96,
SKU009,2024-06-24,84,196298.76,
SKU009,2024-07-01,78,182277.41999999998,
SKU009,2024-07-08,63,147224.07,
SKU009,2024-07-15,85,198635.65,
SKU009,2024-07-22,82,191624.97999999998,
SKU009,2024-07-29,85,198635.65,
SKU009,2024-08-05,66,154234.74,
SKU009,2024-08-12,70,163582.3,
SKU009,2024-08-19,59,137876.51,
SKU009,2024-08-26,58,135539.62,
SKU009,2024-09-02,58,135539.62,
SKU009,2024-09-09,56,130865.84,
SKU009,2024-09-16,58,135539.62,
SKU009,2024-09-23,67,156571.63,
SKU009,2024-09-30,42,98149.38,
SKU009,2024-10-07,65,151897.85,
SKU009,2024-10-14,58,135539.62,
SKU009,2024-10-21,52,121518.28,
SKU009,2024-10-28,66,154234.74,
SKU009,2024-11-04,71,165919.19,
SKU009,2024-11-11,67,156571.63,
SKU009,2024-11-18,60,140213.4,
SKU009,2024-11-25,52,121518.28,
SKU009,2024-12-02,55,128528.95,
SKU009,2024-12-09,71,165919.19,
SKU009,2024-12-16,76,177603.64,
SKU009,2024-12-23,68,158908.52,
SKU009,2024-12-30,66,154234.74,70.0
SKU009,2025-01-06,55,128528.95,66.0
SKU009,2025-01-13,70,163582.3,73.0
SKU009,2025-01-20,71,165919.19,80.0
SKU009,2025-01-27,69,161245.41,103.0
SKU009,2025-02-03,86,200972.54,85.0
SKU009,2025-02-10,74,172929.86,79.0
SKU009,2025-02-17,75,175266.75,80.0
SKU009,2025-02-24,91,212656.99,92.0
SKU009,2025-03-03,99,231352.11,86.0
SKU009,2025-03-10,92,214993.88,101.0
SKU009,2025-03-17,102,238362.78,95.0
SKU009,2025-03-24,82,191624.97999999998,88.0
SKU009,2025-03-31,76,177603.63999999998,82.0
SKU009,2025-04-07,79,184614.31,106.0
SKU009,2025-04-14,69,161245.41,100.0
SKU009,2025-04-21,100,233689.0,104.0
SKU009,2025-04-28,76,177603.64,80.0
SKU009,2025-05-05,92,214993.88,70.0
SKU009,2025-05-12,104,243036.56,83.0
SKU009,2025-05-19,88,205646.32,83.0
SKU009,2025-05-26,74,172929.86,74.0
SKU009,2025-06-02,88,205646.32,94.0
SKU009,2025-06-09,86,200972.53999999998,93.0
SKU009,2025-06-16,81,189288.09,64.0
SKU009,2025-06-23,92,214993.88,84.0
SKU009,2025-06-30,83,193961.87,78.0
SKU009,2025-07-07,69,161245.41,63.0
SKU009,2025-07-14,73,170592.97,85.0
SKU009,2025-07-21,67,156571.63,82.0
SKU009,2025-07-28,69,161245.40999999997,85.0
SKU009,2025-08-04,66,154234.74,66.0
SKU009,2025-08-11,61,142550.29,70.0
SKU009,2025-08-18,69,161245.41,59.0
SKU009,2025-08-25,62,144887.18,58.0
SKU009,2025-09-01,71,165919.19,58.0
SKU009,2025-09-08,87,203309.43,56.0
SKU009,2025-09-15,70,163582.30000000002,58.0
SKU009,2025-09-22,69,161245.41,67.0
SKU009,2025-09-29,58,135539.62,42.0
SKU009,2025-10-06,51,119181.39,65.0
SKU009,2025-10-13,63,147224.07,58.0
SKU009,2025-10-20,52,121518.28,52.0
SKU009,2025-10-27,78,182277.41999999998,66.0
SKU009,2025-11-03,55,128528.95,71.0
SKU009,2025-11-10,62,144887.18,67.0
SKU009,2025-11-17,63,147224.07,60.0
SKU009,2025-11-24,66,154234.74,52.0
SKU009,2025-12-01,77,179940.53,55.0
SKU009,2025-12-08,82,191624.97999999998,71.0
SKU009,2025-12-15,69,161245.41,76.0
SKU009,2025-12-22,77,179940.53,68.0
SKU009,2025-12-29,21,49074.69,66.0
SKU010,2024-01-01,111,73644.06,
SKU010,2024-01-08,108,71653.68000000001,
SKU010,2024-01-15,115,76297.9,
SKU010,2024-01-22,115,76297.9,
SKU010,2024-01-29,129,85586.34,
SKU010,2024-02-05,136,90230.56,
SKU010,2024-02-12,133,88240.18000000001,
SKU010,2024-02-19,146,96865.16,
SKU010,2024-02-26,145,96201.7,
SKU010,2024-03-04,154,102172.84,
SKU010,2024-03-11,138,91557.48000000001,
SKU010,2024-03-18,141,93547.86,
SKU010,2024-03-25,162,107480.52,
SKU010,2024-04-01,124,82269.04000000001,
SKU010,2024-04-08,141,93547.86,
SKU010,2024-04-15,121,80278.66,
SKU010,2024-04-22,121,80278.66,
SKU010,2024-04-29,144,95538.24,
SKU010,2024-05-06,117,77624.82,
SKU010,2024-05-13,145,96201.7,
SKU010,2024-05-20,141,93547.86,
SKU010,2024-05-27,158,104826.68000000001,
SKU010,2024-06-03,151,100182.45999999999,
SKU010,2024-06-10,141,93547.86,
SKU010,2024-06-17,153,101509.38,
SKU010,2024-06-24,129,85586.34,
SKU010,2024-07-01,103,68336.38,
SKU010,2024-07-08,113,74970.98,
SKU010,2024-07-15,111,73644.06,
SKU010,2024-07-22,119,78951.74,
SKU010,2024-07-29,110,72980.6,
SKU010,2024-08-05,103,68336.38,
SKU010,2024-08-12,103,68336.38,
SKU010,2024-08-19,99,65682.54000000001,
SKU010,2024-08-26,96,63692.16,
SKU010,2024-09-02,92,61038.32,
SKU010,2024-09-09,116,76961.36,
SKU010,2024-09-16,115,76297.9,
SKU010,2024-09-23,128,84922.88,
SKU010,2024-09-30,122,80942.12000000001,
SKU010,2024-10-07,79,52413.340000000004,
SKU010,2024-10-14,74,49096.04,
SKU010,2024-10-21,92,61038.32,
SKU010,2024-10-28,109,72317.14,
SKU010,2024-11-04,100,66346.0,
SKU010,2024-11-11,113,74970.98,
SKU010,2024-11-18,121,80278.66,
SKU010,2024-11-25,93,61701.78,
SKU010,2024-12-02,99,65682.54000000001,
SKU010,2024-12-09,106,70326.76000000001,
SKU010,2024-12-16,109,72317.14,
SKU010,2024-12-23,109,72317.14,
SKU010,2024-12-30,116,76961.36,111.0
SKU010,2025-01-06,118,78288.28,108.0
SKU010,2025-01-13,113,74970.98000000001,115.0
SKU010,2025-01-20,118,78288.28,115.0
SKU010,2025-01-27,97,64355.62,129.0
SKU010,2025-02-03,124,82269.04000000001,136.0
SKU010,2025-02-10,128,84922.88,133.0
SKU010,2025-02-17,128,84922.88,146.0
SKU010,2025-02-24,155,102836.3,145.0
SKU010,2025-03-03,160,106153.6,154.0
SKU010,2025-03-10,139,92220.94,138.0
SKU010,2025-03-17,139,92220.94,141.0
SKU010,2025-03-24,156,103499.76000000001,162.0
SKU010,2025-03-31,149,98855.54000000001,124.0
SKU010,2025-04-07,133,88240.18000000001,141.0
SKU010,2025-04-14,137,90894.02,121.0
SKU010,2025-04-21,144,95538.23999999999,121.0
SKU010,2025-04-28,134,88903.64,144.0
SKU010,2025-05-05,130,86249.8,117.0
SKU010,2025-05-12,131,86913.26000000001,145.0
SKU010,2025-05-19,141,93547.86,141.0
SKU010,2025-05-26,145,96201.7,158.0
SKU010,2025-06-02,136,90230.56,151.0
SKU010,2025-06-09,141,93547.86,141.0
SKU010,2025-06-16,139,92220.94,153.0
SKU010,2025-06-23,123,81605.58,129.0
SKU010,2025-06-30,111,73644.06,103.0
SKU010,2025-07-07,120,79615.20000000001,113.0
SKU010,2025-07-14,124,82269.04,111.0
SKU010,2025-07-21,105,69663.3,119.0
SKU010,2025-07-28,91,60374.86,110.0
SKU010,2025-08-04,95,63028.7,103.0
SKU010,2025-08-11,113,74970.98,103.0
SKU010,2025-08-18,100,66346.0,99.0
SKU010,2025-08-25,114,75634.44,96.0
SKU010,2025-09-01,104,68999.84,92.0
SKU010,2025-09-08,92,61038.32,116.0
SKU010,2025-09-15,114,75634.44,115.0
SKU010,2025-09-22,100,66346.0,128.0
SKU010,2025-09-29,79,52413.340000000004,122.0
SKU010,2025-10-06,83,55067.18,79.0
SKU010,2025-10-13,96,63692.16,74.0
SKU010,2025-10-20,86,57057.56,92.0
SKU010,2025-10-27,120,79615.2,109.0
SKU010,2025-11-03,91,60374.86,100.0
SKU010,2025-11-10,105,69663.3,113.0
SKU010,2025-11-17,102,67672.92,121.0
SKU010,2025-11-24,104,68999.84,93.0
SKU010,2025-12-01,126,83595.96,99.0
SKU010,2025-12-08,108,71653.68000000001,106.0
SKU010,2025-12-15,102,67672.92,109.0
SKU010,2025-12-22,102,67672.92,109.0
SKU010,2025-12-29,47,31182.620000000003,116.0
SKU011,2024-01-01,14,20223.84,
SKU011,2024-01-08,20,28891.2,
SKU011,2024-01-15,14,20223.84,
SKU011,2024-01-22,15,21668.4,
SKU011,2024-01-29,21,30335.760000000002,
SKU011,2024-02-05,14,20223.84,
SKU011,2024-02-12,20,28891.199999999997,
SKU011,2024-02-19,28,40447.68,
SKU011,2024-02-26,23,33224.880000000005,
SKU011,2024-03-04,21,30335.760000000002,
SKU011,2024-03-11,24,34669.44,
SKU011,2024-03-18,25,36114.0,
SKU011,2024-03-25,16,23112.96,
SKU011,2024-04-01,20,28891.2,
SKU011,2024-04-08,22,31780.32,
SKU011,2024-04-15,19,27446.64,
SKU011,2024-04-22,31,44781.36,
SKU011,2024-04-29,20,28891.2,
SKU011,2024-05-06,30,43336.8,
SKU011,2024-05-13,28,40447.68,
SKU011,2024-05-20,17,24557.52,
SKU011,2024-05-27,26,37558.560000000005,
SKU011,2024-06-03,24,34669.44,
SKU011,2024-06-10,19,27446.64,
SKU011,2024-06-17,16,23112.96,
SKU011,2024-06-24,19,27446.64,
SKU011,2024-07-01,19,27446.64,
SKU011,2024-07-08,27,39003.12,
SKU011,2024-07-15,12,17334.72,
SKU011,2024-07-22,14,20223.84,
SKU011,2024-07-29,12,17334.72,
SKU011,2024-08-05,16,23112.96,
SKU011,2024-08-12,17,24557.52,
SKU011,2024-08-19,9,13001.039999999999,
SKU011,2024-08-26,17,24557.52,
SKU011,2024-09-02,18,26002.08,
SKU011,2024-09-09,22,31780.32,
SKU011,2024-09-16,15,21668.4,
SKU011,2024-09-23,18,26002.08,
SKU011,2024-09-30,11,15890.16,
SKU011,2024-10-07,16,23112.96,
SKU011,2024-10-14,13,18779.28,
SKU011,2024-10-21,9,13001.04,
SKU011,2024-10-28,15,21668.4,
SKU011,2024-11-04,11,15890.16,
SKU011,2024-11-11,16,23112.96,
SKU011,2024-11-18,25,36114.0,
SKU011,2024-11-25,22,31780.32,
SKU011,2024-12-02,25,36114.0,
SKU011,2024-12-09,15,21668.4,
SKU011,2024-12-16,20,28891.199999999997,
SKU011,2024-12-23,17,24557.52,
SKU011,2024-12-30,17,24557.52,14.0
SKU011,2025-01-06,21,30335.760000000002,20.0
SKU011,2025-01-13,19,27446.64,14.0
SKU011,2025-01-20,24,34669.44,15.0
SKU011,2025-01-27,13,18779.28,21.0
SKU011,2025-02-03,16,23112.96,14.0
SKU011,2025-02-10,16,23112.96,20.0
SKU011,2025-02-17,23,33224.88,28.0
SKU011,2025-02-24,18,26002.079999999998,23.0
SKU011,2025-03-03,15,21668.4,21.0
SKU011,2025-03-10,22,31780.32,24.0
SKU011,2025-03-17,19,27446.64,25.0
SKU011,2025-03-24,18,26002.079999999998,16.0
SKU011,2025-03-31,20,28891.2,20.0
SKU011,2025-04-07,26,37558.56,22.0
SKU011,2025-04-14,22,31780.32,19.0
SKU011,2025-04-21,24,34669.44,31.0
SKU011,2025-04-28,17,24557.52,20.0
SKU011,2025-05-05,17,24557.52,30.0
SKU011,2025-05-12,14,20223.84,28.0
SKU011,2025-05-19,16,23112.96,17.0
SKU011,2025-05-26,29,41892.240000000005,26.0
SKU011,2025-06-02,20,28891.2,24.0
SKU011,2025-06-09,26,37558.56,19.0
SKU011,2025-06-16,18,26002.079999999998,16.0
SKU011,2025-06-23,22,31780.32,19.0
SKU011,2025-06-30,25,36114.0,19.0
SKU011,2025-07-07,14,20223.84,27.0
SKU011,2025-07-14,21,30335.76,12.0
SKU011,2025-07-21,11,15890.16,14.0
SKU011,2025-07-28,18,26002.08,12.0
SKU011,2025-08-04,22,31780.32,16.0
SKU011,2025-08-11,14,20223.84,17.0
SKU011,2025-08-18,24,34669.44,9.0
SKU011,2025-08-25,11,15890.16,17.0
SKU011,2025-09-01,16,23112.96,18.0
SKU011,2025-09-08,16,23112.96,22.0
SKU011,2025-09-15,16,23112.96,15.0
SKU011,2025-09-22,11,15890.16,18.0
SKU011,2025-09-29,28,40447.68,11.0
SKU011,2025-10-06,16,23112.96,16.0
SKU011,2025-10-13,11,15890.16,13.0
SKU011,2025-10-20,18,26002.08,9.0
SKU011,2025-10-27,19,27446.64,15.0
SKU011,2025-11-03,19,27446.64,11.0
SKU011,2025-11-10,25,36114.0,16.0
SKU011,2025-11-17,9,13001.039999999999,25.0
SKU011,2025-11-24,15,21668.4,22.0
SKU011,2025-12-01,17,24557.52,25.0
SKU011,2025-12-08,23,33224.880000000005,15.0
SKU011,2025-12-15,18,26002.08,20.0
SKU011,2025-12-22,22,31780.32,17.0
SKU011,2025-12-29,3,4333.68,17.0
SKU012,2024-01-01,181,1589065.97,
SKU012,2024-01-08,176,1545169.12,
SKU012,2024-01-15,178,1562727.8599999999,
SKU012,2024-01-22,185,1624183.45,
SKU012,2024-01-29,186,1632962.82,
SKU012,2024-02-05,206,1808550.22,
SKU012,2024-02-12,192,1685639.04,
SKU012,2024-02-19,190,1668080.3,
SKU012,2024-02-26,229,2010475.73,
SKU012,2024-03-04,205,1799770.85,
SKU012,2024-03-11,206,1808550.22,
SKU012,2024-03-18,210,1843667.7,
SKU012,2024-03-25,231,2028034.47,
SKU012,2024-04-01,223,1957799.51,
SKU012,2024-04-08,211,1852447.0699999998,
SKU012,2024-04-15,216,1896343.92,
SKU012,2024-04-22,217,1905123.29,
SKU012,2024-04-29,209,1834888.3299999998,
SKU012,2024-05-06,210,1843667.7,
SKU012,2024-05-13,188,1650521.56,
SKU012,2024-05-20,183,1606624.71,
SKU012,2024-05-27,204,1790991.48,
SKU012,2024-06-03,205,1799770.85,
SKU012,2024-06-10,230,2019255.1,
SKU012,2024-06-17,213,1870005.81,
SKU012,2024-06-24,202,1773432.74,
SKU012,2024-07-01,173,1518831.01,
SKU012,2024-07-08,174,1527610.38,
SKU012,2024-07-15,190,1668080.3,
SKU012,2024-07-22,198,1738315.26,
SKU012,2024-07-29,163,1431037.31,
SKU012,2024-08-05,163,1431037.31,
SKU012,2024-08-12,154,1352022.98,
SKU012,2024-08-19,169,1483713.53,
SKU012,2024-08-26,176,1545169.12,
SKU012,2024-09-02,151,1325684.87,
SKU012,2024-09-09,167,1466154.79,
SKU012,2024-09-16,163,1431037.31,
SKU012,2024-09-23,174,1527610.38,
SKU012,2024-09-30,144,1264229.28,
SKU012,2024-10-07,144,1264229.28,
SKU012,2024-10-14,144,1264229.28,
SKU012,2024-10-21,140,1229111.8,
SKU012,2024-10-28,183,1606624.71,
SKU012,2024-11-04,156,1369581.72,
SKU012,2024-11-11,179,1571507.23,
SKU012,2024-11-18,177,1553948.49,
SKU012,2024-11-25,170,1492492.9,
SKU012,2024-12-02,147,1290567.39,
SKU012,2024-12-09,184,1615404.08,
SKU012,2024-12-16,161,1413478.57,
SKU012,2024-12-23,161,1413478.57,
SKU012,2024-12-30,161,1413478.57,181.0
SKU012,2025-01-06,180,1580286.5999999999,176.0
SKU012,2025-01-13,194,1703197.78,178.0
SKU012,2025-01-20,191,1676859.67,185.0
SKU012,2025-01-27,172,1510051.6400000001,186.0
SKU012,2025-02-03,195,1711977.15,206.0
SKU012,2025-02-10,203,1782212.1099999999,192.0
SKU012,2025-02-17,214,1878785.18,190.0
SKU012,2025-02-24,208,1826108.96,229.0
SKU012,2025-03-03,224,1966578.88,205.0
SKU012,2025-03-10,217,1905123.29,206.0
SKU012,2025-03-17,217,1905123.29,210.0
SKU012,2025-03-24,253,2221180.61,231.0
SKU012,2025-03-31,218,1913902.66,223.0
SKU012,2025-04-07,195,1711977.15,211.0
SKU012,2025-04-14,198,1738315.26,216.0
SKU012,2025-04-21,210,1843667.7,217.0
SKU012,2025-04-28,202,1773432.74,209.0
SKU012,2025-05-05,196,1720756.52,210.0
SKU012,2025-05-12,206,1808550.22,188.0
SKU012,2025-05-19,202,1773432.74,183.0
SKU012,2025-05-26,200,1755874.0,204.0
SKU012,2025-06-02,205,1799770.8499999999,205.0
SKU012,2025-06-09,204,1790991.48,230.0
SKU012,2025-06-16,190,1668080.3,213.0
SKU012,2025-06-23,173,1518831.01,202.0
SKU012,2025-06-30,171,1501272.27,173.0
SKU012,2025-07-07,189,1659300.93,174.0
SKU012,2025-07-14,179,1571507.23,190.0
SKU012,2025-07-21,155,1360802.35,198.0
SKU012,2025-07-28,160,1404699.2,163.0
SKU012,2025-08-04,163,1431037.31,163.0
SKU012,2025-08-11,177,1553948.49,154.0
SKU012,2025-08-18,178,1562727.8599999999,169.0
SKU012,2025-08-25,171,1501272.27,176.0
SKU012,2025-09-01,180,1580286.6,151.0
SKU012,2025-09-08,160,1404699.2000000002,167.0
SKU012,2025-09-15,171,1501272.27,163.0
SKU012,2025-09-22,150,1316905.5,174.0
SKU012,2025-09-29,136,1193994.32,144.0
SKU012,2025-10-06,140,1229111.8,144.0
SKU012,2025-10-13,128,1123759.36,144.0
SKU012,2025-10-20,141,1237891.17,140.0
SKU012,2025-10-27,151,1325684.87,183.0
SKU012,2025-11-03,155,1360802.35,156.0
SKU012,2025-11-10,163,1431037.31,179.0
SKU012,2025-11-17,155,1360802.35,177.0
SKU012,2025-11-24,161,1413478.5699999998,170.0
SKU012,2025-12-01,167,1466154.79,147.0
SKU012,2025-12-08,155,1360802.35,184.0
SKU012,2025-12-15,171,1501272.27,161.0
SKU012,2025-12-22,150,1316905.5,161.0
SKU012,2025-12-29,71,623335.27,161.0
SKU013,2024-01-01,101,581535.78,
SKU013,2024-01-08,99,570020.22,
SKU013,2024-01-15,105,604566.9,
SKU013,2024-01-22,97,558504.66,
SKU013,2024-01-29,98,564262.44,
SKU013,2024-02-05,117,673660.26,
SKU013,2024-02-12,111,639113.58,
SKU013,2024-02-19,94,541231.32,
SKU013,2024-02-26,130,748511.4,
SKU013,2024-03-04,120,690933.6,
SKU013,2024-03-11,137,788815.86,
SKU013,2024-03-18,138,794573.64,
SKU013,2024-03-25,108,621840.24,
SKU013,2024-04-01,114,656386.92,
SKU013,2024-04-08,110,633355.8,
SKU013,2024-04-15,128,736995.84,
SKU013,2024-04-22,102,587293.56,
SKU013,2024-04-29,108,621840.24,
SKU013,2024-05-06,120,690933.6,
SKU013,2024-05-13,103,593051.3400000001,
SKU013,2024-05-20,113,650629.14,
SKU013,2024-05-27,134,771542.52,
SKU013,2024-06-03,112,644871.36,
SKU013,2024-06-10,92,529715.76,
SKU013,2024-06-17,107,616082.46,
SKU013,2024-06-24,107,616082.46,
SKU013,2024-07-01,94,541231.32,
SKU013,2024-07-08,95,546989.1,
SKU013,2024-07-15,86,495169.07999999996,
SKU013,2024-07-22,107,616082.46,
SKU013,2024-07-29,104,598809.12,
SKU013,2024-08-05,85,489411.3,
SKU013,2024-08-12,71,408802.38,
SKU013,2024-08-19,91,523957.98,
SKU013,2024-08-26,86,495169.07999999996,
SKU013,2024-09-02,98,564262.44,
SKU013,2024-09-09,101,581535.78,
SKU013,2024-09-16,84,483653.52,
SKU013,2024-09-23,99,570020.22,
SKU013,2024-09-30,68,391529.04,
SKU013,2024-10-07,75,431833.5,
SKU013,2024-10-14,80,460622.4,
SKU013,2024-10-21,64,368497.92,
SKU013,2024-10-28,93,535473.54,
SKU013,2024-11-04,72,414560.16000000003,
SKU013,2024-11-11,96,552746.88,
SKU013,2024-11-18,101,581535.78,
SKU013,2024-11-25,81,466380.18,
SKU013,2024-12-02,95,546989.1,
SKU013,2024-12-09,94,541231.32,
SKU013,2024-12-16,84,483653.52,
SKU013,2024-12-23,83,477895.74,
SKU013,2024-12-30,82,472137.96,101.0
SKU013,2025-01-06,93,535473.54,99.0
SKU013,2025-01-13,98,564262.44,105.0
SKU013,2025-01-20,87,500926.86,97.0
SKU013,2025-01-27,91,523957.98,98.0
SKU013,2025-02-03,97,558504.66,117.0
SKU013,2025-02-10,97,558504.66,111.0
SKU013,2025-02-17,100,575778.0,94.0
SKU013,2025-02-24,105,604566.9,130.0
SKU013,2025-03-03,110,633355.8,120.0
SKU013,2025-03-10,110,633355.8,137.0
SKU013,2025-03-17,115,662144.7,138.0
SKU013,2025-03-24,127,731238.06,108.0
SKU013,2025-03-31,111,639113.58,114.0
SKU013,2025-04-07,105,604566.9,110.0
SKU013,2025-04-14,114,656386.9199999999,128.0
SKU013,2025-04-21,110,633355.8,102.0
SKU013,2025-04-28,109,627598.02,108.0
SKU013,2025-05-05,139,800331.42,120.0
SKU013,2025-05-12,106,610324.68,103.0
SKU013,2025-05-19,90,518200.2,113.0
SKU013,2025-05-26,117,673660.26,134.0
SKU013,2025-06-02,99,570020.22,112.0
SKU013,2025-06-09,115,662144.7,92.0
SKU013,2025-06-16,118,679418.04,107.0
SKU013,2025-06-23,128,736995.84,107.0
SKU013,2025-06-30,101,581535.78,94.0
SKU013,2025-07-07,109,627598.02,95.0
SKU013,2025-07-14,87,500926.86,86.0
SKU013,2025-07-21,87,500926.86,107.0
SKU013,2025-07-28,85,489411.3,104.0
SKU013,2025-08-04,82,472137.95999999996,85.0
SKU013,2025-08-11,106,610324.6799999999,71.0
SKU013,2025-08-18,96,552746.88,91.0
SKU013,2025-08-25,84,483653.52,86.0
SKU013,2025-09-01,99,570020.22,98.0
SKU013,2025-09-08,105,604566.9,101.0
SKU013,2025-09-15,82,472137.96,84.0
SKU013,2025-09-22,82,472137.95999999996,99.0
SKU013,2025-09-29,96,552746.88,68.0
SKU013,2025-10-06,87,500926.86,75.0
SKU013,2025-10-13,61,351224.57999999996,80.0
SKU013,2025-10-20,69,397286.82,64.0
SKU013,2025-10-27,79,454864.62,93.0
SKU013,2025-11-03,84,483653.52,72.0
SKU013,2025-11-10,89,512442.42,96.0
SKU013,2025-11-17,80,460622.4,101.0
SKU013,2025-11-24,95,546989.1,81.0
SKU013,2025-12-01,78,449106.83999999997,95.0
SKU013,2025-12-08,107,616082.46,94.0
SKU013,2025-12-15,96,552746.88,84.0
SKU013,2025-12-22,71,408802.38,83.0
SKU013,2025-12-29,27,155460.06,82.0
SKU014,2024-01-01,155,351966.25,
SKU014,2024-01-08,152,345154.0,
SKU014,2024-01-15,145,329258.75,
SKU014,2024-01-22,132,299739.0,
SKU014,2024-01-29,138,313363.5,
SKU014,2024-02-05,165,374673.75,
SKU014,2024-02-12,169,383756.75,
SKU014,2024-02-19,147,333800.25,
SKU014,2024-02-26,188,426901.0,
SKU014,2024-03-04,185,420088.75,
SKU014,2024-03-11,194,440525.5,
SKU014,2024-03-18,193,438254.75,
SKU014,2024-03-25,193,438254.75,
SKU014,2024-04-01,174,395110.5,
SKU014,2024-04-08,186,422359.5,
SKU014,2024-04-15,198,449608.5,
SKU014,2024-04-22,151,342883.25,
SKU014,2024-04-29,170,386027.5,
SKU014,2024-05-06,163,370132.25,
SKU014,2024-05-13,146,331529.5,
SKU014,2024-05-20,168,381486.0,
SKU014,2024-05-27,199,451879.25,
SKU014,2024-06-03,174,395110.5,
SKU014,2024-06-10,175,397381.25,
SKU014,2024-06-17,176,399652.0,
SKU014,2024-06-24,184,417818.0,
SKU014,2024-07-01,137,311092.75,
SKU014,2024-07-08,158,358778.5,
SKU014,2024-07-15,151,342883.25,
SKU014,2024-07-22,154,349695.5,
SKU014,2024-07-29,132,299739.0,
SKU014,2024-08-05,144,326988.0,
SKU014,2024-08-12,123,279302.25,
SKU014,2024-08-19,129,292926.75,
SKU014,2024-08-26,135,306551.25,
SKU014,2024-09-02,146,331529.5,
SKU014,2024-09-09,145,329258.75,
SKU014,2024-09-16,137,311092.75,
SKU014,2024-09-23,151,342883.25,
SKU014,2024-09-30,97,220262.75,
SKU014,2024-10-07,126,286114.5,
SKU014,2024-10-14,123,279302.25,
SKU014,2024-10-21,128,290656.0,
SKU014,2024-10-28,132,299739.0,
SKU014,2024-11-04,130,295197.5,
SKU014,2024-11-11,124,281573.0,
SKU014,2024-11-18,152,345154.0,
SKU014,2024-11-25,142,322446.5,
SKU014,2024-12-02,128,290656.0,
SKU014,2024-12-09,135,306551.25,
SKU014,2024-12-16,141,320175.75,
SKU014,2024-12-23,135,306551.25,
SKU014,2024-12-30,131,297468.25,155.0
SKU014,2025-01-06,131,297468.25,152.0
SKU014,2025-01-13,144,326988.0,145.0
SKU014,2025-01-20,181,411005.75,132.0
SKU014,2025-01-27,126,286114.5,138.0
SKU014,2025-02-03,167,379215.25,165.0
SKU014,2025-02-10,188,426901.0,169.0
SKU014,2025-02-17,155,351966.25,147.0
SKU014,2025-02-24,180,408735.0,188.0
SKU014,2025-03-03,182,413276.5,185.0
SKU014,2025-03-10,207,470045.25,194.0
SKU014,2025-03-17,187,424630.25,193.0
SKU014,2025-03-24,173,392839.75,193.0
SKU014,2025-03-31,163,370132.25,174.0
SKU014,2025-04-07,182,413276.5,186.0
SKU014,2025-04-14,176,399652.0,198.0
SKU014,2025-04-21,177,401922.75,151.0
SKU014,2025-04-28,156,354237.0,170.0
SKU014,2025-05-05,156,354237.0,163.0
SKU014,2025-05-12,151,342883.25,146.0
SKU014,2025-05-19,164,372403.0,168.0
SKU014,2025-05-26,164,372403.0,199.0
SKU014,2025-06-02,202,458691.5,174.0
SKU014,2025-06-09,163,370132.25,175.0
SKU014,2025-06-16,159,361049.25,176.0
SKU014,2025-06-23,191,433713.25,184.0
SKU014,2025-06-30,134,304280.5,137.0
SKU014,2025-07-07,126,286114.5,158.0
SKU014,2025-07-14,139,315634.25,151.0
SKU014,2025-07-21,148,336071.0,154.0
SKU014,2025-07-28,141,320175.75,132.0
SKU014,2025-08-04,121,274760.75,144.0
SKU014,2025-08-11,123,279302.25,123.0
SKU014,2025-08-18,131,297468.25,129.0
SKU014,2025-08-25,157,356507.75,135.0
SKU014,2025-09-01,127,288385.25,146.0
SKU014,2025-09-08,151,342883.25,145.0
SKU014,2025-09-15,140,317905.0,137.0
SKU014,2025-09-22,132,299739.0,151.0
SKU014,2025-09-29,123,279302.25,97.0
SKU014,2025-10-06,122,277031.5,126.0
SKU014,2025-10-13,120,272490.0,123.0
SKU014,2025-10-20,133,302009.75,128.0
SKU014,2025-10-27,127,288385.25,132.0
SKU014,2025-11-03,117,265677.75,130.0
SKU014,2025-11-10,130,295197.5,124.0
SKU014,2025-11-17,130,295197.5,152.0
SKU014,2025-11-24,151,342883.25,142.0
SKU014,2025-12-01,124,281573.0,128.0
SKU014,2025-12-08,137,311092.75,135.0
SKU014,2025-12-15,116,263407.0,141.0
SKU014,2025-12-22,122,277031.5,135.0
SKU014,2025-12-29,51,115808.25,131.0
SKU015,2024-01-01,35,217424.2,
SKU015,2024-01-08,27,167727.24,
SKU015,2024-01-15,30,186363.6,
SKU015,2024-01-22,27,167727.24,
SKU015,2024-01-29,35,217424.2,
SKU015,2024-02-05,46,285757.52,
SKU015,2024-02-12,29,180151.48,
SKU015,2024-02-19,35,217424.2,
SKU015,2024-02-26,26,161515.12,
SKU015,2024-03-04,43,267121.16000000003,
SKU015,2024-03-11,42,260909.04,
SKU015,2024-03-18,41,254696.91999999998,
SKU015,2024-03-25,34,211212.08000000002,
SKU015,2024-04-01,29,180151.48,
SKU015,2024-04-08,37,229848.44,
SKU015,2024-04-15,26,161515.12,
SKU015,2024-04-22,35,217424.2,
SKU015,2024-04-29,30,186363.6,
SKU015,2024-05-06,26,161515.12,
SKU015,2024-05-13,31,192575.72,
SKU015,2024-05-20,36,223636.32,
SKU015,2024-05-27,32,198787.84,
SKU015,2024-06-03,41,254696.91999999998,
SKU015,2024-06-10,36,223636.32,
SKU015,2024-06-17,29,180151.48,
SKU015,2024-06-24,29,180151.47999999998,
SKU015,2024-07-01,27,167727.24,
SKU015,2024-07-08,30,186363.59999999998,
SKU015,2024-07-15,31,192575.72,
SKU015,2024-07-22,26,161515.12,
SKU015,2024-07-29,24,149090.88,
SKU015,2024-08-05,22,136666.64,
SKU015,2024-08-12,24,149090.88,
SKU015,2024-08-19,25,155303.0,
SKU015,2024-08-26,28,173939.36,
SKU015,2024-09-02,25,155303.0,
SKU015,2024-09-09,26,161515.12,
SKU015,2024-09-16,21,130454.51999999999,
SKU015,2024-09-23,20,124242.4,
SKU015,2024-09-30,34,211212.08,
SKU015,2024-10-07,29,180151.48,
SKU015,2024-10-14,22,136666.64,
SKU015,2024-10-21,24,149090.88,
SKU015,2024-10-28,25,155303.0,
SKU015,2024-11-04,25,155303.0,
SKU015,2024-11-11,19,118030.28,
SKU015,2024-11-18,34,211212.08000000002,
SKU015,2024-11-25,22,136666.64,
SKU015,2024-12-02,29,180151.47999999998,
SKU015,2024-12-09,21,130454.52,
SKU015,2024-12-16,26,161515.12,
SKU015,2024-12-23,32,198787.84,
SKU015,2024-12-30,31,192575.72,35.0
SKU015,2025-01-06,25,155303.0,27.0
SKU015,2025-01-13,27,167727.24,30.0
SKU015,2025-01-20,32,198787.84,27.0
SKU015,2025-01-27,29,180151.47999999998,35.0
SKU015,2025-02-03,31,192575.72,46.0
SKU015,2025-02-10,37,229848.44,29.0
SKU015,2025-02-17,30,186363.6,35.0
SKU015,2025-02-24,36,223636.32,26.0
SKU015,2025-03-03,37,229848.44,43.0
SKU015,2025-03-10,38,236060.56,42.0
SKU015,2025-03-17,22,136666.63999999998,41.0
SKU015,2025-03-24,30,186363.6,34.0
SKU015,2025-03-31,40,248484.8,29.0
SKU015,2025-04-07,38,236060.56,37.0
SKU015,2025-04-14,36,223636.32,26.0
SKU015,2025-04-21,33,204999.96,35.0
SKU015,2025-04-28,31,192575.72,30.0
SKU015,2025-05-05,40,248484.8,26.0
SKU015,2025-05-12,33,204999.96,31.0
SKU015,2025-05-19,27,167727.24,36.0
SKU015,2025-05-26,36,223636.31999999998,32.0
SKU015,2025-06-02,30,186363.6,41.0
SKU015,2025-06-09,23,142878.76,36.0
SKU015,2025-06-16,32,198787.84,29.0
SKU015,2025-06-23,25,155303.0,29.0
SKU015,2025-06-30,22,136666.63999999998,27.0
SKU015,2025-07-07,23,142878.76,30.0
SKU015,2025-07-14,29,180151.48,31.0
SKU015,2025-07-21,27,167727.24,26.0
SKU015,2025-07-28,25,155303.0,24.0
SKU015,2025-08-04,23,142878.76,22.0
SKU015,2025-08-11,27,167727.24,24.0
SKU015,2025-08-18,26,161515.12,25.0
SKU015,2025-08-25,28,173939.36000000002,28.0
SKU015,2025-09-01,28,173939.36000000002,25.0
SKU015,2025-09-08,24,149090.88,26.0
SKU015,2025-09-15,23,142878.76,21.0
SKU015,2025-09-22,28,173939.36,20.0
SKU015,2025-09-29,19,118030.28,34.0
SKU015,2025-10-06,16,99393.92,29.0
SKU015,2025-10-13,21,130454.51999999999,22.0
SKU015,2025-10-20,21,130454.52,24.0
SKU015,2025-10-27,17,105606.04,25.0
SKU015,2025-11-03,13,80757.56,25.0
SKU015,2025-11-10,24,149090.88,19.0
SKU015,2025-11-17,24,149090.88,34.0
SKU015,2025-11-24,31,192575.72,22.0
SKU015,2025-12-01,22,136666.64,29.0
SKU015,2025-12-08,31,192575.71999999997,21.0
SKU015,2025-12-15,21,130454.51999999999,26.0
SKU015,2025-12-22,27,167727.24,32.0
SKU015,2025-12-29,7,43484.84,31.0
SKU016,2024-01-01,81,175512.42,
SKU016,2024-01-08,104,225349.28,
SKU016,2024-01-15,88,190680.16,
SKU016,2024-01-22,103,223182.46,
SKU016,2024-01-29,96,208014.72,
SKU016,2024-02-05,96,208014.72,
SKU016,2024-02-12,101,218848.82,
SKU016,2024-02-19,97,210181.54,
SKU016,2024-02-26,115,249184.30000000002,
SKU016,2024-03-04,110,238350.2,
SKU016,2024-03-11,133,288187.06,
SKU016,2024-03-18,122,264352.04000000004,
SKU016,2024-03-25,98,212348.36,
SKU016,2024-04-01,109,236183.38,
SKU016,2024-04-08,98,212348.36,
SKU016,2024-04-15,125,270852.5,
SKU016,2024-04-22,116,251351.12,
SKU016,2024-04-29,93,201514.26,
SKU016,2024-05-06,95,205847.90000000002,
SKU016,2024-05-13,129,279519.78,
SKU016,2024-05-20,122,264352.04,
SKU016,2024-05-27,108,234016.56,
SKU016,2024-06-03,110,238350.2,
SKU016,2024-06-10,107,231849.74000000002,
SKU016,2024-06-17,106,229682.92,
SKU016,2024-06-24,108,234016.56,
SKU016,2024-07-01,93,201514.26,
SKU016,2024-07-08,99,214515.18,
SKU016,2024-07-15,78,169011.96,
SKU016,2024-07-22,92,199347.44,
SKU016,2024-07-29,90,195013.8,
SKU016,2024-08-05,82,177679.24,
SKU016,2024-08-12,96,208014.72,
SKU016,2024-08-19,78,169011.96000000002,
SKU016,2024-08-26,98,212348.36,
SKU016,2024-09-02,94,203681.08000000002,
SKU016,2024-09-09,77,166845.14,
SKU016,2024-09-16,90,195013.8,
SKU016,2024-09-23,89,192846.98,
SKU016,2024-09-30,71,153844.22,
SKU016,2024-10-07,85,184179.7,
SKU016,2024-10-14,84,182012.88,
SKU016,2024-10-21,82,177679.24,
SKU016,2024-10-28,98,212348.36000000002,
SKU016,2024-11-04,84,182012.88,
SKU016,2024-11-11,104,225349.28000000003,
SKU016,2024-11-18,94,203681.08000000002,
SKU016,2024-11-25,97,210181.54,
SKU016,2024-12-02,83,179846.06,
SKU016,2024-12-09,71,153844.22,
SKU016,2024-12-16,82,177679.24,
SKU016,2024-12-23,75,162511.5,
SKU016,2024-12-30,92,199347.44,81.0
SKU016,2025-01-06,97,210181.54,104.0
SKU016,2025-01-13,76,164678.32,88.0
SKU016,2025-01-20,100,216682.0,103.0
SKU016,2025-01-27,95,205847.9,96.0
SKU016,2025-02-03,112,242683.84,96.0
SKU016,2025-02-10,93,201514.26,101.0
SKU016,2025-02-17,97,210181.54,97.0
SKU016,2025-02-24,135,292520.7,115.0
SKU016,2025-03-03,103,223182.46000000002,110.0
SKU016,2025-03-10,115,249184.30000000002,133.0
SKU016,2025-03-17,113,244850.66,122.0
SKU016,2025-03-24,146,316355.72000000003,98.0
SKU016,2025-03-31,116,251351.12,109.0
SKU016,2025-04-07,124,268685.68,98.0
SKU016,2025-04-14,98,212348.36,125.0
SKU016,2025-04-21,102,221015.64,116.0
SKU016,2025-04-28,111,240517.02000000002,93.0
SKU016,2025-05-05,114,247017.48,95.0
SKU016,2025-05-12,126,273019.32,129.0
SKU016,2025-05-19,107,231849.74,122.0
SKU016,2025-05-26,116,251351.12,108.0
SKU016,2025-06-02,111,240517.02000000002,110.0
SKU016,2025-06-09,112,242683.84,107.0
SKU016,2025-06-16,112,242683.84000000003,106.0
SKU016,2025-06-23,116,251351.12,108.0
SKU016,2025-06-30,101,218848.82,93.0
SKU016,2025-07-07,103,223182.46000000002,99.0
SKU016,2025-07-14,104,225349.28,78.0
SKU016,2025-07-21,97,210181.54,92.0
SKU016,2025-07-28,85,184179.7,90.0
SKU016,2025-08-04,93,201514.26,82.0
SKU016,2025-08-11,85,184179.7,96.0
SKU016,2025-08-18,90,195013.8,78.0
SKU016,2025-08-25,85,184179.7,98.0
SKU016,2025-09-01,66,143010.12,94.0
SKU016,2025-09-08,78,169011.96,77.0
SKU016,2025-09-15,76,164678.32,90.0
SKU016,2025-09-22,78,169011.96000000002,89.0
SKU016,2025-09-29,72,156011.04,71.0
SKU016,2025-10-06,84,182012.88,85.0
SKU016,2025-10-13,86,186346.52000000002,84.0
SKU016,2025-10-20,73,158177.86000000002,82.0
SKU016,2025-10-27,109,236183.38,98.0
SKU016,2025-11-03,92,199347.44,84.0
SKU016,2025-11-10,95,205847.9,104.0
SKU016,2025-11-17,75,162511.5,94.0
SKU016,2025-11-24,71,153844.22,97.0
SKU016,2025-12-01,77,166845.14,83.0
SKU016,2025-12-08,78,169011.96,71.0
SKU016,2025-12-15,74,160344.68,82.0
SKU016,2025-12-22,104,225349.28,75.0
SKU016,2025-12-29,37,80172.34,92.0
SKU017,2024-01-01,84,712094.88,
SKU017,2024-01-08,84,712094.88,
SKU017,2024-01-15,88,746004.16,
SKU017,2024-01-22,94,796868.0800000001,
SKU017,2024-01-29,89,754481.48,
SKU017,2024-02-05,96,813822.72,
SKU017,2024-02-12,99,839254.6799999999,
SKU017,2024-02-19,80,678185.6,
SKU017,2024-02-26,121,1025755.72,
SKU017,2024-03-04,130,1102051.6,
SKU017,2024-03-11,115,974891.8,
SKU017,2024-03-18,109,924027.88,
SKU017,2024-03-25,114,966414.48,
SKU017,2024-04-01,125,1059665.0,
SKU017,2024-04-08,130,1102051.6,
SKU017,2024-04-15,108,915550.5599999999,
SKU017,2024-04-22,126,1068142.32,
SKU017,2024-04-29,129,1093574.28,
SKU017,2024-05-06,109,924027.88,
SKU017,2024-05-13,109,924027.88,
SKU017,2024-05-20,122,1034233.04,
SKU017,2024-05-27,118,1000323.76,
SKU017,2024-06-03,121,1025755.72,
SKU017,2024-06-10,110,932505.2,
SKU017,2024-06-17,102,864686.64,
SKU017,2024-06-24,125,1059665.0,
SKU017,2024-07-01,112,949459.84,
SKU017,2024-07-08,109,924027.88,
SKU017,2024-07-15,106,898595.9199999999,
SKU017,2024-07-22,104,881641.28,
SKU017,2024-07-29,98,830777.36,
SKU017,2024-08-05,100,847732.0,
SKU017,2024-08-12,94,796868.0800000001,
SKU017,2024-08-19,95,805345.4,
SKU017,2024-08-26,85,720572.2,
SKU017,2024-09-02,98,830777.36,
SKU017,2024-09-09,88,746004.16,
SKU017,2024-09-16,88,746004.1599999999,
SKU017,2024-09-23,101,856209.3200000001,
SKU017,2024-09-30,60,508639.2,
SKU017,2024-10-07,67,567980.44,
SKU017,2024-10-14,100,847732.0,
SKU017,2024-10-21,82,695140.24,
SKU017,2024-10-28,90,762958.7999999999,
SKU017,2024-11-04,95,805345.4,
SKU017,2024-11-11,86,729049.52,
SKU017,2024-11-18,97,822300.04,
SKU017,2024-11-25,82,695140.24,
SKU017,2024-12-02,81,686662.9199999999,
SKU017,2024-12-09,88,746004.1599999999,
SKU017,2024-12-16,80,678185.6,
SKU017,2024-12-23,94,796868.0800000001,
SKU017,2024-12-30,85,720572.2,84.0
SKU017,2025-01-06,97,822300.04,84.0
SKU017,2025-01-13,106,898595.9199999999,88.0
SKU017,2025-01-20,89,754481.48,94.0
SKU017,2025-01-27,89,754481.48,89.0
SKU017,2025-02-03,112,949459.84,96.0
SKU017,2025-02-10,97,822300.04,99.0
SKU017,2025-02-17,107,907073.24,80.0
SKU017,2025-02-24,127,1076619.6400000001,121.0
SKU017,2025-03-03,104,881641.28,130.0
SKU017,2025-03-10,129,1093574.28,115.0
SKU017,2025-03-17,124,1051187.68,109.0
SKU017,2025-03-24,135,1144438.2,114.0
SKU017,2025-03-31,114,966414.48,125.0
SKU017,2025-04-07,115,974891.8,130.0
SKU017,2025-04-14,115,974891.8,108.0
SKU017,2025-04-21,138,1169870.16,126.0
SKU017,2025-04-28,95,805345.4,129.0
SKU017,2025-05-05,102,864686.64,109.0
SKU017,2025-05-12,109,924027.88,109.0
SKU017,2025-05-19,114,966414.48,122.0
SKU017,2025-05-26,109,924027.88,118.0
SKU017,2025-06-02,111,940982.52,121.0
SKU017,2025-06-09,113,957937.16,110.0
SKU017,2025-06-16,114,966414.48,102.0
SKU017,2025-06-23,133,1127483.56,125.0
SKU017,2025-06-30,105,890118.6000000001,112.0
SKU017,2025-07-07,97,822300.04,109.0
SKU017,2025-07-14,98,830777.36,106.0
SKU017,2025-07-21,83,703617.5599999999,104.0
SKU017,2025-07-28,82,695140.24,98.0
SKU017,2025-08-04,76,644276.32,100.0
SKU017,2025-08-11,85,720572.2,94.0
SKU017,2025-08-18,85,720572.2,95.0
SKU017,2025-08-25,78,661230.96,85.0
SKU017,2025-09-01,71,601889.72,98.0
SKU017,2025-09-08,77,652753.64,88.0
SKU017,2025-09-15,83,703617.56,88.0
SKU017,2025-09-22,90,762958.8,101.0
SKU017,2025-09-29,75,635799.0,60.0
SKU017,2025-10-06,76,644276.32,67.0
SKU017,2025-10-13,84,712094.88,100.0
SKU017,2025-10-20,61,517116.51999999996,82.0
SKU017,2025-10-27,83,703617.56,90.0
SKU017,2025-11-03,103,873163.96,95.0
SKU017,2025-11-10,88,746004.1599999999,86.0
SKU017,2025-11-17,87,737526.84,97.0
SKU017,2025-11-24,90,762958.8,82.0
SKU017,2025-12-01,105,890118.6,81.0
SKU017,2025-12-08,96,813822.72,88.0
SKU017,2025-12-15,81,686662.9199999999,80.0
SKU017,2025-12-22,98,830777.36,94.0
SKU017,2025-12-29,37,313660.83999999997,85.0
SKU018,2024-01-01,176,981272.16,
SKU018,2024-01-08,175,975696.75,
SKU018,2024-01-15,153,853037.73,
SKU018,2024-01-22,188,1048177.0800000001,
SKU018,2024-01-29,162,903216.42,
SKU018,2024-02-05,171,953395.11,
SKU018,2024-02-12,178,992422.98,
SKU018,2024-02-19,205,1142959.05,
SKU018,2024-02-26,195,1087204.95,
SKU018,2024-03-04,206,1148534.46,
SKU018,2024-03-11,223,1243316.43,
SKU018,2024-03-18,227,1265618.07,
SKU018,2024-03-25,221,1232165.61,
SKU018,2024-04-01,197,1098355.77,
SKU018,2024-04-08,190,1059327.9,
SKU018,2024-04-15,209,1165260.69,
SKU018,2024-04-22,209,1165260.69,
SKU018,2024-04-29,204,1137383.6400000001,
SKU018,2024-05-06,220,1226590.2,
SKU018,2024-05-13,203,1131808.23,
SKU018,2024-05-20,185,1031450.85,
SKU018,2024-05-27,199,1109506.59,
SKU018,2024-06-03,194,1081629.54,
SKU018,2024-06-10,191,1064903.31,
SKU018,2024-06-17,198,1103931.18,
SKU018,2024-06-24,197,1098355.77,
SKU018,2024-07-01,163,908791.83,
SKU018,2024-07-08,181,1009149.21,
SKU018,2024-07-15,169,942244.29,
SKU018,2024-07-22,158,880914.78,
SKU018,2024-07-29,172,958970.52,
SKU018,2024-08-05,164,914367.24,
SKU018,2024-08-12,167,931093.47,
SKU018,2024-08-19,169,942244.29,
SKU018,2024-08-26,171,953395.11,
SKU018,2024-09-02,158,880914.78,
SKU018,2024-09-09,158,880914.78,
SKU018,2024-09-16,163,908791.8300000001,
SKU018,2024-09-23,169,942244.29,
SKU018,2024-09-30,134,747104.94,
SKU018,2024-10-07,153,853037.73,
SKU018,2024-10-14,140,780557.4,
SKU018,2024-10-21,159,886490.19,
SKU018,2024-10-28,170,947819.7,
SKU018,2024-11-04,162,903216.42,
SKU018,2024-11-11,150,836311.5,
SKU018,2024-11-18,153,853037.73,
SKU018,2024-11-25,143,797283.63,
SKU018,2024-12-02,182,1014724.62,
SKU018,2024-12-09,150,836311.5,
SKU018,2024-12-16,172,958970.52,
SKU018,2024-12-23,154,858613.14,
SKU018,2024-12-30,181,1009149.21,176.0
SKU018,2025-01-06,172,958970.52,175.0
SKU018,2025-01-13,164,914367.24,153.0
SKU018,2025-01-20,163,908791.83,188.0
SKU018,2025-01-27,178,992422.98,162.0
SKU018,2025-02-03,175,975696.75,171.0
SKU018,2025-02-10,186,1037026.26,178.0
SKU018,2025-02-17,194,1081629.54,205.0
SKU018,2025-02-24,211,1176411.51,195.0
SKU018,2025-03-03,206,1148534.46,206.0
SKU018,2025-03-10,214,1193137.74,223.0
SKU018,2025-03-17,219,1221014.79,227.0
SKU018,2025-03-24,196,1092780.36,221.0
SKU018,2025-03-31,207,1154109.87,197.0
SKU018,2025-04-07,197,1098355.77,190.0
SKU018,2025-04-14,212,1181986.92,209.0
SKU018,2025-04-21,210,1170836.1,209.0
SKU018,2025-04-28,220,1226590.2,204.0
SKU018,2025-05-05,220,1226590.2,220.0
SKU018,2025-05-12,207,1154109.87,203.0
SKU018,2025-05-19,201,1120657.41,185.0
SKU018,2025-05-26,192,1070478.72,199.0
SKU018,2025-06-02,203,1131808.23,194.0
SKU018,2025-06-09,201,1120657.41,191.0
SKU018,2025-06-16,212,1181986.92,198.0
SKU018,2025-06-23,194,1081629.54,197.0
SKU018,2025-06-30,164,914367.24,163.0
SKU018,2025-07-07,156,869763.9600000001,181.0
SKU018,2025-07-14,167,931093.47,169.0
SKU018,2025-07-21,159,886490.1900000001,158.0
SKU018,2025-07-28,179,997998.39,172.0
SKU018,2025-08-04,139,774981.99,164.0
SKU018,2025-08-11,146,814009.86,167.0
SKU018,2025-08-18,151,841886.91,169.0
SKU018,2025-08-25,161,897641.01,171.0
SKU018,2025-09-01,150,836311.5,158.0
SKU018,2025-09-08,155,864188.5499999999,158.0
SKU018,2025-09-15,148,825160.68,163.0
SKU018,2025-09-22,146,814009.86,169.0
SKU018,2025-09-29,138,769406.58,134.0
SKU018,2025-10-06,154,858613.14,153.0
SKU018,2025-10-13,141,786132.8099999999,140.0
SKU018,2025-10-20,135,752680.35,159.0
SKU018,2025-10-27,166,925518.0599999999,170.0
SKU018,2025-11-03,157,875339.37,162.0
SKU018,2025-11-10,142,791708.22,150.0
SKU018,2025-11-17,150,836311.5,153.0
SKU018,2025-11-24,152,847462.3200000001,143.0
SKU018,2025-12-01,158,880914.78,182.0
SKU018,2025-12-08,162,903216.42,150.0
SKU018,2025-12-15,160,892065.6,172.0
SKU018,2025-12-22,161,897641.01,154.0
SKU018,2025-12-29,58,323373.78,181.0
SKU019,2024-01-01,101,486804.85,
SKU019,2024-01-08,115,554282.75,
SKU019,2024-01-15,103,496444.55000000005,
SKU019,2024-01-22,107,515723.94999999995,
SKU019,2024-01-29,136,655499.6,
SKU019,2024-02-05,119,573562.15,
SKU019,2024-02-12,117,563922.45,
SKU019,2024-02-19,117,563922.45,
SKU019,2024-02-26,132,636220.2,
SKU019,2024-03-04,132,636220.2,
SKU019,2024-03-11,137,660319.45,
SKU019,2024-03-18,136,655499.6,
SKU019,2024-03-25,135,650679.75,
SKU019,2024-04-01,151,727797.35,
SKU019,2024-04-08,135,650679.75,
SKU019,2024-04-15,132,636220.2,
SKU019,2024-04-22,139,669959.15,
SKU019,2024-04-29,134,645859.9,
SKU019,2024-05-06,141,679598.85,
SKU019,2024-05-13,151,727797.35,
SKU019,2024-05-20,131,631400.35,
SKU019,2024-05-27,147,708517.95,
SKU019,2024-06-03,122,588021.7,
SKU019,2024-06-10,137,660319.45,
SKU019,2024-06-17,110,530183.5,
SKU019,2024-06-24,117,563922.45,
SKU019,2024-07-01,113,544643.05,
SKU019,2024-07-08,115,554282.75,
SKU019,2024-07-15,101,486804.85,
SKU019,2024-07-22,108,520543.80000000005,
SKU019,2024-07-29,115,554282.75,
SKU019,2024-08-05,89,428966.65,
SKU019,2024-08-12,93,448246.05,
SKU019,2024-08-19,104,501264.4,
SKU019,2024-08-26,102,491624.7,
SKU019,2024-09-02,104,501264.4,
SKU019,2024-09-09,108,520543.8,
SKU019,2024-09-16,80,385588.0,
SKU019,2024-09-23,97,467525.45,
SKU019,2024-09-30,81,390407.85,
SKU019,2024-10-07,93,448246.05000000005,
SKU019,2024-10-14,85,409687.25,
SKU019,2024-10-21,86,414507.1,
SKU019,2024-10-28,98,472345.3,
SKU019,2024-11-04,95,457885.75,
SKU019,2024-11-11,112,539823.2,
SKU019,2024-11-18,113,544643.0499999999,
SKU019,2024-11-25,110,530183.5,
SKU019,2024-12-02,120,578382.0,
SKU019,2024-12-09,97,467525.45,
SKU019,2024-12-16,106,510904.1,
SKU019,2024-12-23,86,414507.10000000003,
SKU019,2024-12-30,100,481985.0,101.0
SKU019,2025-01-06,114,549462.9,115.0
SKU019,2025-01-13,113,544643.05,103.0
SKU019,2025-01-20,115,554282.75,107.0
SKU019,2025-01-27,109,525363.65,136.0
SKU019,2025-02-03,95,457885.75,119.0
SKU019,2025-02-10,111,535003.35,117.0
SKU019,2025-02-17,132,636220.2,117.0
SKU019,2025-02-24,140,674779.0,132.0
SKU019,2025-03-03,143,689238.55,132.0
SKU019,2025-03-10,135,650679.75,137.0
SKU019,2025-03-17,127,612120.95,136.0
SKU019,2025-03-24,130,626580.5,135.0
SKU019,2025-03-31,132,636220.2,151.0
SKU019,2025-04-07,144,694058.4,135.0
SKU019,2025-04-14,135,650679.75,132.0
SKU019,2025-04-21,117,563922.45,139.0
SKU019,2025-04-28,127,612120.95,134.0
SKU019,2025-05-05,122,588021.7,141.0
SKU019,2025-05-12,112,539823.2,151.0
SKU019,2025-05-19,131,631400.35,131.0
SKU019,2025-05-26,130,626580.5,147.0
SKU019,2025-06-02,148,713337.8,122.0
SKU019,2025-06-09,115,554282.75,137.0
SKU019,2025-06-16,136,655499.6000000001,110.0
SKU019,2025-06-23,129,621760.65,117.0
SKU019,2025-06-30,94,453065.9,113.0
SKU019,2025-07-07,100,481985.0,115.0
SKU019,2025-07-14,111,535003.35,101.0
SKU019,2025-07-21,90,433786.5,108.0
SKU019,2025-07-28,116,559102.6,115.0
SKU019,2025-08-04,104,501264.4,89.0
SKU019,2025-08-11,106,510904.1,93.0
SKU019,2025-08-18,109,525363.65,104.0
SKU019,2025-08-25,93,448246.05,102.0
SKU019,2025-09-01,103,496444.55,104.0
SKU019,2025-09-08,76,366308.6,108.0
SKU019,2025-09-15,100,481985.0,80.0
SKU019,2025-09-22,105,506084.25,97.0
SKU019,2025-09-29,83,400047.55,81.0
SKU019,2025-10-06,92,443426.2,93.0
SKU019,2025-10-13,96,462705.6,85.0
SKU019,2025-10-20,84,404867.4,86.0
SKU019,2025-10-27,91,438606.35,98.0
SKU019,2025-11-03,103,496444.55,95.0
SKU019,2025-11-10,112,539823.2,112.0
SKU019,2025-11-17,110,530183.5,113.0
SKU019,2025-11-24,88,424146.80000000005,110.0
SKU019,2025-12-01,103,496444.55,120.0
SKU019,2025-12-08,96,462705.6,97.0
SKU019,2025-12-15,107,515723.95,106.0
SKU019,2025-12-22,104,501264.4,86.0
SKU019,2025-12-29,40,192794.0,100.0
SKU020,2024-01-01,92,358573.68,
SKU020,2024-01-08,102,397549.08,
SKU020,2024-01-15,100,389754.0,
SKU020,2024-01-22,92,358573.68,
SKU020,2024-01-29,94,366368.76,
SKU020,2024-02-05,118,459909.72,
SKU020,2024-02-12,114,444319.56,
SKU020,2024-02-19,108,420934.32,
SKU020,2024-02-26,117,456012.18,
SKU020,2024-03-04,120,467704.8,
SKU020,2024-03-11,123,479397.42,
SKU020,2024-03-18,119,463807.26,
SKU020,2024-03-25,104,405344.16000000003,
SKU020,2024-04-01,97,378061.38,
SKU020,2024-04-08,105,409241.7,
SKU020,2024-04-15,122,475499.88,
SKU020,2024-04-22,97,378061.38,
SKU020,2024-04-29,90,350778.6,
SKU020,2024-05-06,100,389754.0,
SKU020,2024-05-13,110,428729.4,
SKU020,2024-05-20,120,467704.80000000005,
SKU020,2024-05-27,117,456012.18,
SKU020,2024-06-03,104,405344.16,
SKU020,2024-06-10,127,494987.57999999996,
SKU020,2024-06-17,122,475499.88,
SKU020,2024-06-24,113,440422.02,
SKU020,2024-07-01,94,366368.76,
SKU020,2024-07-08,96,374163.83999999997,
SKU020,2024-07-15,112,436524.48,
SKU020,2024-07-22,97,378061.38,
SKU020,2024-07-29,102,397549.08,
SKU020,2024-08-05,88,342983.52,
SKU020,2024-08-12,96,374163.83999999997,
SKU020,2024-08-19,95,370266.3,
SKU020,2024-08-26,102,397549.08,
SKU020,2024-09-02,84,327393.36,
SKU020,2024-09-09,69,268930.26,
SKU020,2024-09-16,83,323495.82,
SKU020,2024-09-23,80,311803.2,
SKU020,2024-09-30,77,300110.58,
SKU020,2024-10-07,83,323495.82,
SKU020,2024-10-14,92,358573.68,
SKU020,2024-10-21,83,323495.82,
SKU020,2024-10-28,71,276725.34,
SKU020,2024-11-04,81,315700.74,
SKU020,2024-11-11,87,339085.98,
SKU020,2024-11-18,69,268930.26,
SKU020,2024-11-25,84,327393.36,
SKU020,2024-12-02,88,342983.52,
SKU020,2024-12-09,80,311803.2,
SKU020,2024-12-16,81,315700.74,
SKU020,2024-12-23,87,339085.98,
SKU020,2024-12-30,93,362471.22,92.0
SKU020,2025-01-06,83,323495.82,102.0
SKU020,2025-01-13,95,370266.3,100.0
SKU020,2025-01-20,100,389754.0,92.0
SKU020,2025-01-27,79,307905.66,94.0
SKU020,2025-02-03,93,362471.22,118.0
SKU020,2025-02-10,105,409241.7,114.0
SKU020,2025-02-17,97,378061.38,108.0
SKU020,2025-02-24,95,370266.3,117.0
SKU020,2025-03-03,119,463807.26,120.0
SKU020,2025-03-10,105,409241.69999999995,123.0
SKU020,2025-03-17,101,393651.54,119.0
SKU020,2025-03-24,111,432626.94,104.0
SKU020,2025-03-31,132,514475.28,97.0
SKU020,2025-04-07,107,417036.77999999997,105.0
SKU020,2025-04-14,117,456012.18,122.0
SKU020,2025-04-21,111,432626.94,97.0
SKU020,2025-04-28,107,417036.77999999997,90.0
SKU020,2025-05-05,115,448217.1,100.0
SKU020,2025-05-12,110,428729.4,110.0
SKU020,2025-05-19,105,409241.7,120.0
SKU020,2025-05-26,112,436524.48,117.0
SKU020,2025-06-02,111,432626.93999999994,104.0
SKU020,2025-06-09,89,346881.06,127.0
SKU020,2025-06-16,116,452114.63999999996,122.0
SKU020,2025-06-23,104,405344.16000000003,113.0
SKU020,2025-06-30,104,405344.16000000003,94.0
SKU020,2025-07-07,89,346881.06,96.0
SKU020,2025-07-14,97,378061.38,112.0
SKU020,2025-07-21,96,374163.83999999997,97.0
SKU020,2025-07-28,69,268930.26,102.0
SKU020,2025-08-04,94,366368.76,88.0
SKU020,2025-08-11,87,339085.98,96.0
SKU020,2025-08-18,99,385856.46,95.0
SKU020,2025-08-25,74,288417.96,102.0
SKU020,2025-09-01,97,378061.38,84.0
SKU020,2025-09-08,91,354676.14,69.0
SKU020,2025-09-15,79,307905.66000000003,83.0
SKU020,2025-09-22,86,335188.44,80.0
SKU020,2025-09-29,75,292315.5,77.0
SKU020,2025-10-06,107,417036.78,83.0
SKU020,2025-10-13,74,288417.96,92.0
SKU020,2025-10-20,88,342983.52,83.0
SKU020,2025-10-27,101,393651.54,71.0
SKU020,2025-11-03,78,304008.12,81.0
SKU020,2025-11-10,92,358573.68,87.0
SKU020,2025-11-17,81,315700.74,69.0
SKU020,2025-11-24,97,378061.38,84.0
SKU020,2025-12-01,85,331290.9,88.0
SKU020,2025-12-08,82,319598.27999999997,80.0
SKU020,2025-12-15,74,288417.95999999996,81.0
SKU020,2025-12-22,99,385856.46,87.0
SKU020,2025-12-29,43,167594.22,93.0
SKU021,2024-01-01,50,385564.0,
SKU021,2024-01-08,65,501233.2,
SKU021,2024-01-15,51,393275.28,
SKU021,2024-01-22,50,385564.0,
SKU021,2024-01-29,71,547500.88,
SKU021,2024-02-05,54,416409.12,
SKU021,2024-02-12,67,516655.76,
SKU021,2024-02-19,71,547500.88,
SKU021,2024-02-26,68,524367.04,
SKU021,2024-03-04,79,609191.12,
SKU021,2024-03-11,77,593768.56,
SKU021,2024-03-18,59,454965.52,
SKU021,2024-03-25,65,501233.2,
SKU021,2024-04-01,54,416409.12,
SKU021,2024-04-08,62,478099.36,
SKU021,2024-04-15,80,616902.4,
SKU021,2024-04-22,74,570634.72,
SKU021,2024-04-29,79,609191.12,
SKU021,2024-05-06,67,516655.76,
SKU021,2024-05-13,70,539789.6,
SKU021,2024-05-20,61,470388.08,
SKU021,2024-05-27,73,562923.4400000001,
SKU021,2024-06-03,59,454965.52,
SKU021,2024-06-10,76,586057.28,
SKU021,2024-06-17,56,431831.68,
SKU021,2024-06-24,56,431831.68,
SKU021,2024-07-01,60,462676.8,
SKU021,2024-07-08,53,408697.84,
SKU021,2024-07-15,63,485810.64,
SKU021,2024-07-22,55,424120.4,
SKU021,2024-07-29,55,424120.4,
SKU021,2024-08-05,52,400986.56,
SKU021,2024-08-12,68,524367.04,
SKU021,2024-08-19,59,454965.52,
SKU021,2024-08-26,53,408697.83999999997,
SKU021,2024-09-02,52,400986.56,
SKU021,2024-09-09,55,424120.4,
SKU021,2024-09-16,48,370141.44,
SKU021,2024-09-23,61,470388.08,
SKU021,2024-09-30,50,385564.0,
SKU021,2024-10-07,39,300739.92,
SKU021,2024-10-14,43,331585.04,
SKU021,2024-10-21,55,424120.4,
SKU021,2024-10-28,58,447254.24,
SKU021,2024-11-04,58,447254.24,
SKU021,2024-11-11,63,485810.64,
SKU021,2024-11-18,54,416409.12,
SKU021,2024-11-25,37,285317.36,
SKU021,2024-12-02,55,424120.4,
SKU021,2024-12-09,63,485810.64,
SKU021,2024-12-16,50,385564.0,
SKU021,2024-12-23,54,416409.12,
SKU021,2024-12-30,48,370141.44,50.0
SKU021,2025-01-06,63,485810.64,65.0
SKU021,2025-01-13,60,462676.80000000005,51.0
SKU021,2025-01-20,57,439542.96,50.0
SKU021,2025-01-27,73,562923.4400000001,71.0
SKU021,2025-02-03,63,485810.64,54.0
SKU021,2025-02-10,73,562923.4400000001,67.0
SKU021,2025-02-17,63,485810.64,71.0
SKU021,2025-02-24,78,601479.84,68.0
SKU021,2025-03-03,59,454965.52,79.0
SKU021,2025-03-10,64,493521.92,77.0
SKU021,2025-03-17,75,578346.0,59.0
SKU021,2025-03-24,76,586057.28,65.0
SKU021,2025-03-31,68,524367.04,54.0
SKU021,2025-04-07,50,385564.0,62.0
SKU021,2025-04-14,66,508944.48,80.0
SKU021,2025-04-21,61,470388.08,74.0
SKU021,2025-04-28,66,508944.48,79.0
SKU021,2025-05-05,79,609191.12,67.0
SKU021,2025-05-12,72,555212.16,70.0
SKU021,2025-05-19,70,539789.6,61.0
SKU021,2025-05-26,71,547500.88,73.0
SKU021,2025-06-02,77,593768.5599999999,59.0
SKU021,2025-06-09,79,609191.12,76.0
SKU021,2025-06-16,67,516655.76,56.0
SKU021,2025-06-23,69,532078.32,56.0
SKU021,2025-06-30,57,439542.96,60.0
SKU021,2025-07-07,68,524367.04,53.0
SKU021,2025-07-14,58,447254.24,63.0
SKU021,2025-07-21,62,478099.36,55.0
SKU021,2025-07-28,54,416409.12,55.0
SKU021,2025-08-04,60,462676.8,52.0
SKU021,2025-08-11,54,416409.12,68.0
SKU021,2025-08-18,60,462676.8,59.0
SKU021,2025-08-25,43,331585.04,53.0
SKU021,2025-09-01,47,362430.16000000003,52.0
SKU021,2025-09-08,55,424120.4,55.0
SKU021,2025-09-15,55,424120.4,48.0
SKU021,2025-09-22,53,408697.83999999997,61.0
SKU021,2025-09-29,35,269894.8,50.0
SKU021,2025-10-06,48,370141.44,39.0
SKU021,2025-10-13,65,501233.2,43.0
SKU021,2025-10-20,44,339296.32,55.0
SKU021,2025-10-27,58,447254.24,58.0
SKU021,2025-11-03,46,354718.88,58.0
SKU021,2025-11-10,45,347007.60000000003,63.0
SKU021,2025-11-17,43,331585.04,54.0
SKU021,2025-11-24,47,362430.16000000003,37.0
SKU021,2025-12-01,52,400986.56,55.0
SKU021,2025-12-08,59,454965.52,63.0
SKU021,2025-12-15,47,362430.16000000003,50.0
SKU021,2025-12-22,50,385564.0,54.0
SKU021,2025-12-29,19,146514.32,48.0
SKU022,2024-01-01,64,294209.92,
SKU022,2024-01-08,72,330986.16000000003,
SKU022,2024-01-15,74,340180.22,
SKU022,2024-01-22,74,340180.22,
SKU022,2024-01-29,57,262030.71,
SKU022,2024-02-05,87,399941.61,
SKU022,2024-02-12,80,367762.4,
SKU022,2024-02-19,69,317195.07,
SKU022,2024-02-26,96,441314.88,
SKU022,2024-03-04,73,335583.19,
SKU022,2024-03-11,97,445911.91,
SKU022,2024-03-18,75,344777.25,
SKU022,2024-03-25,93,427523.79,
SKU022,2024-04-01,82,376956.46,
SKU022,2024-04-08,100,459703.0,
SKU022,2024-04-15,73,335583.19,
SKU022,2024-04-22,96,441314.88,
SKU022,2024-04-29,87,399941.61,
SKU022,2024-05-06,83,381553.49,
SKU022,2024-05-13,84,386150.51999999996,
SKU022,2024-05-20,82,376956.46,
SKU022,2024-05-27,78,358568.33999999997,
SKU022,2024-06-03,63,289612.89,
SKU022,2024-06-10,91,418329.73,
SKU022,2024-06-17,94,432120.81999999995,
SKU022,2024-06-24,76,349374.28,
SKU022,2024-07-01,58,266627.74,
SKU022,2024-07-08,74,340180.22,
SKU022,2024-07-15,68,312598.04,
SKU022,2024-07-22,70,321792.1,
SKU022,2024-07-29,59,271224.77,
SKU022,2024-08-05,64,294209.92,
SKU022,2024-08-12,56,257433.68,
SKU022,2024-08-19,68,312598.04,
SKU022,2024-08-26,66,303403.98,
SKU022,2024-09-02,64,294209.92,
SKU022,2024-09-09,59,271224.77,
SKU022,2024-09-16,66,303403.98,
SKU022,2024-09-23,72,330986.16,
SKU022,2024-09-30,53,243642.59,
SKU022,2024-10-07,55,252836.65,
SKU022,2024-10-14,52,239045.56,
SKU022,2024-10-21,47,216060.41,
SKU022,2024-10-28,56,257433.68,
SKU022,2024-11-04,54,248239.62,
SKU022,2024-11-11,69,317195.07,
SKU022,2024-11-18,64,294209.92,
SKU022,2024-11-25,61,280418.83,
SKU022,2024-12-02,62,285015.86,
SKU022,2024-12-09,70,321792.1,
SKU022,2024-12-16,46,211463.38,
SKU022,2024-12-23,59,271224.77,
SKU022,2024-12-30,77,353971.31,64.0
SKU022,2025-01-06,77,353971.31,72.0
SKU022,2025-01-13,69,317195.07,74.0
SKU022,2025-01-20,79,363165.37,74.0
SKU022,2025-01-27,75,344777.25,57.0
SKU022,2025-02-03,75,344777.25,87.0
SKU022,2025-02-10,86,395344.57999999996,80.0
SKU022,2025-02-17,88,404538.64,69.0
SKU022,2025-02-24,76,349374.27999999997,96.0
SKU022,2025-03-03,78,358568.34,73.0
SKU022,2025-03-10,82,376956.45999999996,97.0
SKU022,2025-03-17,84,386150.52,75.0
SKU022,2025-03-24,87,399941.61,93.0
SKU022,2025-03-31,61,280418.83,82.0
SKU022,2025-04-07,67,308001.01,100.0
SKU022,2025-04-14,77,353971.31,73.0
SKU022,2025-04-21,81,372359.43,96.0
SKU022,2025-04-28,85,390747.55,87.0
SKU022,2025-05-05,69,317195.07,83.0
SKU022,2025-05-12,80,367762.39999999997,84.0
SKU022,2025-05-19,93,427523.79,82.0
SKU022,2025-05-26,90,413732.69999999995,78.0
SKU022,2025-06-02,89,409135.67,63.0
SKU022,2025-06-09,90,413732.7,91.0
SKU022,2025-06-16,86,395344.57999999996,94.0
SKU022,2025-06-23,83,381553.49,76.0
SKU022,2025-06-30,70,321792.1,58.0
SKU022,2025-07-07,58,266627.74,74.0
SKU022,2025-07-14,82,376956.46,68.0
SKU022,2025-07-21,64,294209.92,70.0
SKU022,2025-07-28,70,321792.1,59.0
SKU022,2025-08-04,64,294209.92,64.0
SKU022,2025-08-11,64,294209.92,56.0
SKU022,2025-08-18,69,317195.07,68.0
SKU022,2025-08-25,49,225254.47,66.0
SKU022,2025-09-01,55,252836.65,64.0
SKU022,2025-09-08,67,308001.01,59.0
SKU022,2025-09-15,60,275821.8,66.0
SKU022,2025-09-22,61,280418.83,72.0
SKU022,2025-09-29,50,229851.5,53.0
SKU022,2025-10-06,54,248239.62,55.0
SKU022,2025-10-13,58,266627.74,52.0
SKU022,2025-10-20,51,234448.53,47.0
SKU022,2025-10-27,62,285015.86,56.0
SKU022,2025-11-03,44,202269.32,54.0
SKU022,2025-11-10,78,358568.33999999997,69.0
SKU022,2025-11-17,53,243642.59,64.0
SKU022,2025-11-24,69,317195.07,61.0
SKU022,2025-12-01,70,321792.1,62.0
SKU022,2025-12-08,60,275821.8,70.0
SKU022,2025-12-15,62,285015.86,46.0
SKU022,2025-12-22,84,386150.52,59.0
SKU022,2025-12-29,17,78149.51,77.0
SKU023,2024-01-01,100,141674.0,
SKU023,2024-01-08,83,117589.42,
SKU023,2024-01-15,97,137423.78,
SKU023,2024-01-22,100,141674.0,
SKU023,2024-01-29,126,178509.24,
SKU023,2024-02-05,126,178509.24,
SKU023,2024-02-12,109,154424.66,
SKU023,2024-02-19,99,140257.26,
SKU023,2024-02-26,114,161508.36,
SKU023,2024-03-04,136,192676.64,
SKU023,2024-03-11,137,194093.38,
SKU023,2024-03-18,99,140257.26,
SKU023,2024-03-25,117,165758.58000000002,
SKU023,2024-04-01,122,172842.28,
SKU023,2024-04-08,132,187009.68,
SKU023,2024-04-15,118,167175.32,
SKU023,2024-04-22,102,144507.47999999998,
SKU023,2024-04-29,102,144507.48,
SKU023,2024-05-06,120,170008.8,
SKU023,2024-05-13,129,182759.46,
SKU023,2024-05-20,101,143090.74,
SKU023,2024-05-27,123,174259.02000000002,
SKU023,2024-06-03,116,164341.84000000003,
SKU023,2024-06-10,114,161508.36,
SKU023,2024-06-17,124,175675.76,
SKU023,2024-06-24,118,167175.32,
SKU023,2024-07-01,109,154424.66,
SKU023,2024-07-08,88,124673.12,
SKU023,2024-07-15,102,144507.48,
SKU023,2024-07-22,109,154424.66,
SKU023,2024-07-29,105,148757.7,
SKU023,2024-08-05,105,148757.7,
SKU023,2024-08-12,82,116172.68,
SKU023,2024-08-19,99,140257.26,
SKU023,2024-08-26,85,120422.9,
SKU023,2024-09-02,88,124673.12,
SKU023,2024-09-09,87,123256.38,
SKU023,2024-09-16,85,120422.9,
SKU023,2024-09-23,89,126089.86,
SKU023,2024-09-30,76,107672.24,
SKU023,2024-10-07,67,94921.58,
SKU023,2024-10-14,74,104838.76000000001,
SKU023,2024-10-21,84,119006.16,
SKU023,2024-10-28,86,121839.64,
SKU023,2024-11-04,85,120422.9,
SKU023,2024-11-11,94,133173.56,
SKU023,2024-11-18,98,138840.52,
SKU023,2024-11-25,111,157258.14,
SKU023,2024-12-02,104,147340.96,
SKU023,2024-12-09,80,113339.2,
SKU023,2024-12-16,90,127506.6,
SKU023,2024-12-23,99,140257.26,
SKU023,2024-12-30,117,165758.58000000002,100.0
SKU023,2025-01-06,114,161508.36,83.0
SKU023,2025-01-13,92,130340.08,97.0
SKU023,2025-01-20,83,117589.42,100.0
SKU023,2025-01-27,106,150174.44,126.0
SKU023,2025-02-03,98,138840.52,126.0
SKU023,2025-02-10,113,160091.62,109.0
SKU023,2025-02-17,115,162925.1,99.0
SKU023,2025-02-24,119,168592.06,114.0
SKU023,2025-03-03,125,177092.5,136.0
SKU023,2025-03-10,131,185592.94,137.0
SKU023,2025-03-17,127,179925.98,99.0
SKU023,2025-03-24,141,199760.34,117.0
SKU023,2025-03-31,121,171425.54,122.0
SKU023,2025-04-07,127,179925.98,132.0
SKU023,2025-04-14,120,170008.8,118.0
SKU023,2025-04-21,128,181342.72,102.0
SKU023,2025-04-28,107,151591.18,102.0
SKU023,2025-05-05,133,188426.41999999998,120.0
SKU023,2025-05-12,111,157258.14,129.0
SKU023,2025-05-19,118,167175.32,101.0
SKU023,2025-05-26,112,158674.88,123.0
SKU023,2025-06-02,122,172842.28,116.0
SKU023,2025-06-09,117,165758.58,114.0
SKU023,2025-06-16,133,188426.41999999998,124.0
SKU023,2025-06-23,130,184176.2,118.0
SKU023,2025-06-30,105,148757.7,109.0
SKU023,2025-07-07,100,141674.0,88.0
SKU023,2025-07-14,91,128923.34,102.0
SKU023,2025-07-21,107,151591.18,109.0
SKU023,2025-07-28,102,144507.48,105.0
SKU023,2025-08-04,107,151591.18,105.0
SKU023,2025-08-11,102,144507.48,82.0
SKU023,2025-08-18,95,134590.3,99.0
SKU023,2025-08-25,82,116172.68,85.0
SKU023,2025-09-01,76,107672.23999999999,88.0
SKU023,2025-09-08,53,75087.22,87.0
SKU023,2025-09-15,111,157258.14,85.0
SKU023,2025-09-22,90,127506.6,89.0
SKU023,2025-09-29,89,126089.86,76.0
SKU023,2025-10-06,80,113339.2,67.0
SKU023,2025-10-13,74,104838.76,74.0
SKU023,2025-10-20,91,128923.34,84.0
SKU023,2025-10-27,84,119006.16,86.0
SKU023,2025-11-03,91,128923.34,85.0
SKU023,2025-11-10,88,124673.12,94.0
SKU023,2025-11-17,88,124673.12,98.0
SKU023,2025-11-24,90,127506.6,111.0
SKU023,2025-12-01,97,137423.78,104.0
SKU023,2025-12-08,98,138840.52,80.0
SKU023,2025-12-15,96,136007.04,90.0
SKU023,2025-12-22,99,140257.26,99.0
SKU023,2025-12-29,39,55252.86,117.0
SKU024,2024-01-01,93,164504.91,
SKU024,2024-01-08,81,143278.47,
SKU024,2024-01-15,95,168042.65,
SKU024,2024-01-22,87,153891.69,
SKU024,2024-01-29,100,176887.0,
SKU024,2024-02-05,106,187500.22,
SKU024,2024-02-12,84,148585.08,
SKU024,2024-02-19,90,159198.3,
SKU024,2024-02-26,114,201651.18,
SKU024,2024-03-04,115,203420.05,
SKU024,2024-03-11,118,208726.66,
SKU024,2024-03-18,111,196344.57,
SKU024,2024-03-25,117,206957.79,
SKU024,2024-04-01,95,168042.65,
SKU024,2024-04-08,103,182193.61,
SKU024,2024-04-15,113,199882.31,
SKU024,2024-04-22,106,187500.22,
SKU024,2024-04-29,103,182193.61,
SKU024,2024-05-06,108,191037.96,
SKU024,2024-05-13,109,192806.83,
SKU024,2024-05-20,104,183962.48,
SKU024,2024-05-27,118,208726.66,
SKU024,2024-06-03,97,171580.39,
SKU024,2024-06-10,95,168042.65,
SKU024,2024-06-17,114,201651.18,
SKU024,2024-06-24,105,185731.35,
SKU024,2024-07-01,100,176887.0,
SKU024,2024-07-08,83,146816.21,
SKU024,2024-07-15,92,162736.04,
SKU024,2024-07-22,92,162736.04,
SKU024,2024-07-29,88,155660.56,
SKU024,2024-08-05,83,146816.21,
SKU024,2024-08-12,86,152122.82,
SKU024,2024-08-19,100,176887.0,
SKU024,2024-08-26,88,155660.56,
SKU024,2024-09-02,84,148585.08,
SKU024,2024-09-09,83,146816.21,
SKU024,2024-09-16,72,127358.64,
SKU024,2024-09-23,85,150353.95,
SKU024,2024-09-30,83,146816.21,
SKU024,2024-10-07,66,116745.42,
SKU024,2024-10-14,72,127358.64,
SKU024,2024-10-21,62,109669.94,
SKU024,2024-10-28,86,152122.82,
SKU024,2024-11-04,78,137971.86,
SKU024,2024-11-11,72,127358.64,
SKU024,2024-11-18,74,130896.38,
SKU024,2024-11-25,65,114976.55,
SKU024,2024-12-02,76,134434.12,
SKU024,2024-12-09,101,178655.87,
SKU024,2024-12-16,75,132665.25,
SKU024,2024-12-23,71,125589.77,
SKU024,2024-12-30,101,178655.87,93.0
SKU024,2025-01-06,77,136202.99,81.0
SKU024,2025-01-13,73,129127.51000000001,95.0
SKU024,2025-01-20,80,141509.6,87.0
SKU024,2025-01-27,88,155660.56,100.0
SKU024,2025-02-03,84,148585.08000000002,106.0
SKU024,2025-02-10,95,168042.65,84.0
SKU024,2025-02-17,91,160967.16999999998,90.0
SKU024,2025-02-24,116,205188.91999999998,114.0
SKU024,2025-03-03,104,183962.48,115.0
SKU024,2025-03-10,117,206957.78999999998,118.0
SKU024,2025-03-17,141,249410.66999999998,111.0
SKU024,2025-03-24,119,210495.53,117.0
SKU024,2025-03-31,116,205188.91999999998,95.0
SKU024,2025-04-07,90,159198.30000000002,103.0
SKU024,2025-04-14,110,194575.7,113.0
SKU024,2025-04-21,105,185731.35,106.0
SKU024,2025-04-28,108,191037.96000000002,103.0
SKU024,2025-05-05,121,214033.27000000002,108.0
SKU024,2025-05-12,88,155660.56,109.0
SKU024,2025-05-19,91,160967.16999999998,104.0
SKU024,2025-05-26,97,171580.39,118.0
SKU024,2025-06-02,94,166273.78,97.0
SKU024,2025-06-09,105,185731.35,95.0
SKU024,2025-06-16,101,178655.87,114.0
SKU024,2025-06-23,107,189269.09,105.0
SKU024,2025-06-30,94,166273.78,100.0
SKU024,2025-07-07,79,139740.73,83.0
SKU024,2025-07-14,70,123820.9,92.0
SKU024,2025-07-21,73,129127.51,92.0
SKU024,2025-07-28,104,183962.48,88.0
SKU024,2025-08-04,84,148585.08,83.0
SKU024,2025-08-11,83,146816.21,86.0
SKU024,2025-08-18,69,122052.03,100.0
SKU024,2025-08-25,93,164504.91,88.0
SKU024,2025-09-01,104,183962.48,84.0
SKU024,2025-09-08,79,139740.72999999998,83.0
SKU024,2025-09-15,84,148585.08000000002,72.0
SKU024,2025-09-22,80,141509.6,85.0
SKU024,2025-09-29,69,122052.03,83.0
SKU024,2025-10-06,65,114976.55,66.0
SKU024,2025-10-13,75,132665.25,72.0
SKU024,2025-10-20,82,145047.34,62.0
SKU024,2025-10-27,83,146816.21,86.0
SKU024,2025-11-03,82,145047.34,78.0
SKU024,2025-11-10,82,145047.34,72.0
SKU024,2025-11-17,80,141509.6,74.0
SKU024,2025-11-24,76,134434.12,65.0
SKU024,2025-12-01,93,164504.91,76.0
SKU024,2025-12-08,72,127358.64,101.0
SKU024,2025-12-15,85,150353.95,75.0
SKU024,2025-12-22,71,125589.77,71.0
SKU024,2025-12-29,27,47759.49,101.0
SKU025,2024-01-01,14,161812.14,
SKU025,2024-01-08,21,242718.21000000002,
SKU025,2024-01-15,16,184928.16,
SKU025,2024-01-22,24,277392.24,
SKU025,2024-01-29,18,208044.18,
SKU025,2024-02-05,19,219602.19,
SKU025,2024-02-12,18,208044.18,
SKU025,2024-02-19,23,265834.23,
SKU025,2024-02-26,25,288950.25,
SKU025,2024-03-04,22,254276.22,
SKU025,2024-03-11,21,242718.21000000002,
SKU025,2024-03-18,27,312066.27,
SKU025,2024-03-25,31,358298.31,
SKU025,2024-04-01,24,277392.24,
SKU025,2024-04-08,19,219602.19,
SKU025,2024-04-15,17,196486.17,
SKU025,2024-04-22,28,323624.28,
SKU025,2024-04-29,19,219602.19,
SKU025,2024-05-06,20,231160.2,
SKU025,2024-05-13,21,242718.21,
SKU025,2024-05-20,15,173370.15,
SKU025,2024-05-27,16,184928.16,
SKU025,2024-06-03,21,242718.21000000002,
SKU025,2024-06-10,16,184928.16,
SKU025,2024-06-17,18,208044.18,
SKU025,2024-06-24,25,288950.25,
SKU025,2024-07-01,24,277392.24,
SKU025,2024-07-08,23,265834.23,
SKU025,2024-07-15,16,184928.16,
SKU025,2024-07-22,14,161812.14,
SKU025,2024-07-29,18,208044.18,
SKU025,2024-08-05,17,196486.17,
SKU025,2024-08-12,17,196486.17,
SKU025,2024-08-19,19,219602.19,
SKU025,2024-08-26,26,300508.26,
SKU025,2024-09-02,16,184928.16,
SKU025,2024-09-09,17,196486.17,
SKU025,2024-09-16,15,173370.15000000002,
SKU025,2024-09-23,12,138696.12,
SKU025,2024-09-30,14,161812.14,
SKU025,2024-10-07,20,231160.2,
SKU025,2024-10-14,26,300508.26,
SKU025,2024-10-21,16,184928.16,
SKU025,2024-10-28,21,242718.21000000002,
SKU025,2024-11-04,18,208044.18,
SKU025,2024-11-11,17,196486.17,
SKU025,2024-11-18,26,300508.26,
SKU025,2024-11-25,5,57790.05,
SKU025,2024-12-02,22,254276.22,
SKU025,2024-12-09,24,277392.24,
SKU025,2024-12-16,22,254276.22,
SKU025,2024-12-23,16,184928.16,
SKU025,2024-12-30,15,173370.15,14.0
SKU025,2025-01-06,21,242718.21,21.0
SKU025,2025-01-13,12,138696.12,16.0
SKU025,2025-01-20,21,242718.21000000002,24.0
SKU025,2025-01-27,17,196486.16999999998,18.0
SKU025,2025-02-03,28,323624.28,19.0
SKU025,2025-02-10,16,184928.16,18.0
SKU025,2025-02-17,17,196486.16999999998,23.0
SKU025,2025-02-24,27,312066.27,25.0
SKU025,2025-03-03,20,231160.2,22.0
SKU025,2025-03-10,16,184928.16,21.0
SKU025,2025-03-17,28,323624.28,27.0
SKU025,2025-03-24,27,312066.27,31.0
SKU025,2025-03-31,10,115580.1,24.0
SKU025,2025-04-07,26,300508.26,19.0
SKU025,2025-04-14,14,161812.14,17.0
SKU025,2025-04-21,16,184928.16,28.0
SKU025,2025-04-28,13,150254.13,19.0
SKU025,2025-05-05,16,184928.16,20.0
SKU025,2025-05-12,21,242718.21,21.0
SKU025,2025-05-19,19,219602.19,15.0
SKU025,2025-05-26,30,346740.3,16.0
SKU025,2025-06-02,19,219602.19,21.0
SKU025,2025-06-09,23,265834.23,16.0
SKU025,2025-06-16,16,184928.16,18.0
SKU025,2025-06-23,25,288950.25,25.0
SKU025,2025-06-30,18,208044.18,24.0
SKU025,2025-07-07,15,173370.15,23.0
SKU025,2025-07-14,24,277392.24,16.0
SKU025,2025-07-21,23,265834.23,14.0
SKU025,2025-07-28,20,231160.2,18.0
SKU025,2025-08-04,17,196486.16999999998,17.0
SKU025,2025-08-11,13,150254.13,17.0
SKU025,2025-08-18,18,208044.18,19.0
SKU025,2025-08-25,22,254276.22,26.0
SKU025,2025-09-01,17,196486.17,16.0
SKU025,2025-09-08,16,184928.16,17.0
SKU025,2025-09-15,16,184928.16,15.0
SKU025,2025-09-22,21,242718.21,12.0
SKU025,2025-09-29,12,138696.12,14.0
SKU025,2025-10-06,13,150254.13,20.0
SKU025,2025-10-13,17,196486.17,26.0
SKU025,2025-10-20,17,196486.17,16.0
SKU025,2025-10-27,20,231160.2,21.0
SKU025,2025-11-03,18,208044.18,18.0
SKU025,2025-11-10,18,208044.18,17.0
SKU025,2025-11-17,12,138696.12,26.0
SKU025,2025-11-24,9,104022.09,5.0
SKU025,2025-12-01,18,208044.18,22.0
SKU025,2025-12-08,13,150254.13,24.0
SKU025,2025-12-15,14,161812.13999999998,22.0
SKU025,2025-12-22,16,184928.16,16.0
SKU025,2025-12-29,7,80906.07,15.0
SKU026,2024-01-01,166,1815963.64,
SKU026,2024-01-08,156,1706568.24,
SKU026,2024-01-15,152,1662810.08,
SKU026,2024-01-22,150,1640931.0,
SKU026,2024-01-29,158,1728447.32,
SKU026,2024-02-05,195,2133210.3,
SKU026,2024-02-12,169,1848782.26,
SKU026,2024-02-19,171,1870661.34,
SKU026,2024-02-26,161,1761265.94,
SKU026,2024-03-04,189,2067573.06,
SKU026,2024-03-11,222,2428577.88,
SKU026,2024-03-18,202,2209787.08,
SKU026,2024-03-25,179,1958177.6600000001,
SKU026,2024-04-01,159,1739386.8599999999,
SKU026,2024-04-08,196,2144149.84,
SKU026,2024-04-15,181,1980056.74,
SKU026,2024-04-22,186,2034754.44,
SKU026,2024-04-29,174,1903479.96,
SKU026,2024-05-06,190,2078512.6,
SKU026,2024-05-13,162,1772205.48,
SKU026,2024-05-20,180,1969117.2,
SKU026,2024-05-27,201,2198847.54,
SKU026,2024-06-03,183,2001935.82,
SKU026,2024-06-10,175,1914419.5,
SKU026,2024-06-17,211,2308242.94,
SKU026,2024-06-24,182,1990996.28,
SKU026,2024-07-01,163,1783145.02,
SKU026,2024-07-08,138,1509656.52,
SKU026,2024-07-15,157,1717507.78,
SKU026,2024-07-22,137,1498716.98,
SKU026,2024-07-29,144,1575293.76,
SKU026,2024-08-05,138,1509656.52,
SKU026,2024-08-12,138,1509656.52,
SKU026,2024-08-19,144,1575293.76,
SKU026,2024-08-26,129,1411200.6600000001,
SKU026,2024-09-02,146,1597172.8399999999,
SKU026,2024-09-09,143,1564354.22,
SKU026,2024-09-16,120,1312744.8,
SKU026,2024-09-23,129,1411200.6600000001,
SKU026,2024-09-30,131,1433079.74,
SKU026,2024-10-07,145,1586233.3,
SKU026,2024-10-14,141,1542475.1400000001,
SKU026,2024-10-21,137,1498716.98,
SKU026,2024-10-28,130,1422140.2,
SKU026,2024-11-04,127,1389321.58,
SKU026,2024-11-11,156,1706568.24,
SKU026,2024-11-18,124,1356502.96,
SKU026,2024-11-25,116,1268986.6400000001,
SKU026,2024-12-02,162,1772205.48,
SKU026,2024-12-09,148,1619051.92,
SKU026,2024-12-16,131,1433079.74,
SKU026,2024-12-23,145,1586233.3,
SKU026,2024-12-30,147,1608112.38,166.0
SKU026,2025-01-06,165,1805024.1,156.0
SKU026,2025-01-13,136,1487777.44,152.0
SKU026,2025-01-20,165,1805024.0999999999,150.0
SKU026,2025-01-27,161,1761265.94,158.0
SKU026,2025-02-03,170,1859721.8,195.0
SKU026,2025-02-10,166,1815963.6400000001,169.0
SKU026,2025-02-17,177,1936298.58,171.0
SKU026,2025-02-24,169,1848782.26,161.0
SKU026,2025-03-03,173,1892540.42,189.0
SKU026,2025-03-10,197,2155089.38,222.0
SKU026,2025-03-17,207,2264484.78,202.0
SKU026,2025-03-24,202,2209787.08,179.0
SKU026,2025-03-31,174,1903479.96,159.0
SKU026,2025-04-07,195,2133210.3,196.0
SKU026,2025-04-14,160,1750326.4,181.0
SKU026,2025-04-21,189,2067573.06,186.0
SKU026,2025-04-28,179,1958177.6600000001,174.0
SKU026,2025-05-05,177,1936298.58,190.0
SKU026,2025-05-12,184,2012875.36,162.0
SKU026,2025-05-19,177,1936298.58,180.0
SKU026,2025-05-26,206,2253545.2399999998,201.0
SKU026,2025-06-02,199,2176968.46,183.0
SKU026,2025-06-09,201,2198847.54,175.0
SKU026,2025-06-16,171,1870661.34,211.0
SKU026,2025-06-23,161,1761265.94,182.0
SKU026,2025-06-30,150,1640931.0,163.0
SKU026,2025-07-07,153,1673749.6199999999,138.0
SKU026,2025-07-14,155,1695628.7,157.0
SKU026,2025-07-21,173,1892540.42,137.0
SKU026,2025-07-28,156,1706568.24,144.0
SKU026,2025-08-04,150,1640931.0,138.0
SKU026,2025-08-11,128,1400261.12,138.0
SKU026,2025-08-18,123,1345563.42,144.0
SKU026,2025-08-25,129,1411200.6600000001,129.0
SKU026,2025-09-01,153,1673749.62,146.0
SKU026,2025-09-08,124,1356502.96,143.0
SKU026,2025-09-15,138,1509656.52,120.0
SKU026,2025-09-22,132,1444019.28,129.0
SKU026,2025-09-29,114,1247107.56,131.0
SKU026,2025-10-06,135,1476837.9,145.0
SKU026,2025-10-13,138,1509656.52,141.0
SKU026,2025-10-20,124,1356502.96,137.0
SKU026,2025-10-27,141,1542475.1400000001,130.0
SKU026,2025-11-03,127,1389321.58,127.0
SKU026,2025-11-10,130,1422140.2,156.0
SKU026,2025-11-17,128,1400261.12,124.0
SKU026,2025-11-24,126,1378382.04,116.0
SKU026,2025-12-01,157,1717507.78,162.0
SKU026,2025-12-08,128,1400261.12,148.0
SKU026,2025-12-15,156,1706568.24,131.0
SKU026,2025-12-22,135,1476837.9,145.0
SKU026,2025-12-29,55,601674.7,147.0
SKU027,2024-01-01,162,1379689.2,
SKU027,2024-01-08,170,1447822.0,
SKU027,2024-01-15,170,1447822.0,
SKU027,2024-01-22,145,1234907.0,
SKU027,2024-01-29,182,1550021.2,
SKU027,2024-02-05,188,1601120.8,
SKU027,2024-02-12,177,1507438.2,
SKU027,2024-02-19,158,1345622.8,
SKU027,2024-02-26,188,1601120.8,
SKU027,2024-03-04,212,1805519.2,
SKU027,2024-03-11,214,1822552.4000000001,
SKU027,2024-03-18,195,1660737.0,
SKU027,2024-03-25,195,1660737.0,
SKU027,2024-04-01,200,1703320.0,
SKU027,2024-04-08,181,1541504.6,
SKU027,2024-04-15,185,1575571.0,
SKU027,2024-04-22,205,1745903.0,
SKU027,2024-04-29,188,1601120.8,
SKU027,2024-05-06,194,1652220.4,
SKU027,2024-05-13,196,1669253.6,
SKU027,2024-05-20,193,1643703.8,
SKU027,2024-05-27,210,1788486.0,
SKU027,2024-06-03,179,1524471.4,
SKU027,2024-06-10,219,1865135.4,
SKU027,2024-06-17,200,1703320.0,
SKU027,2024-06-24,178,1515954.8,
SKU027,2024-07-01,149,1268973.4,
SKU027,2024-07-08,168,1430788.8,
SKU027,2024-07-15,167,1422272.2,
SKU027,2024-07-22,154,1311556.4,
SKU027,2024-07-29,151,1286006.6,
SKU027,2024-08-05,149,1268973.4,
SKU027,2024-08-12,158,1345622.8,
SKU027,2024-08-19,165,1405239.0,
SKU027,2024-08-26,154,1311556.4,
SKU027,2024-09-02,127,1081608.2,
SKU027,2024-09-09,134,1141224.4,
SKU027,2024-09-16,143,1217873.8,
SKU027,2024-09-23,156,1328589.6,
SKU027,2024-09-30,126,1073091.6,
SKU027,2024-10-07,126,1073091.6,
SKU027,2024-10-14,121,1030508.6,
SKU027,2024-10-21,151,1286006.6,
SKU027,2024-10-28,138,1175290.8,
SKU027,2024-11-04,143,1217873.8,
SKU027,2024-11-11,153,1303039.8,
SKU027,2024-11-18,163,1388205.8,
SKU027,2024-11-25,152,1294523.2,
SKU027,2024-12-02,153,1303039.8,
SKU027,2024-12-09,154,1311556.4,
SKU027,2024-12-16,133,1132707.8,
SKU027,2024-12-23,172,1464855.2,
SKU027,2024-12-30,185,1575571.0,162.0
SKU027,2025-01-06,167,1422272.2,170.0
SKU027,2025-01-13,190,1618154.0,170.0
SKU027,2025-01-20,179,1524471.4,145.0
SKU027,2025-01-27,160,1362656.0,182.0
SKU027,2025-02-03,197,1677770.2,188.0
SKU027,2025-02-10,187,1592604.2,177.0
SKU027,2025-02-17,156,1328589.5999999999,158.0
SKU027,2025-02-24,204,1737386.4,188.0
SKU027,2025-03-03,206,1754419.6,212.0
SKU027,2025-03-10,219,1865135.4,214.0
SKU027,2025-03-17,216,1839585.6,195.0
SKU027,2025-03-24,206,1754419.6,195.0
SKU027,2025-03-31,188,1601120.7999999998,200.0
SKU027,2025-04-07,195,1660737.0,181.0
SKU027,2025-04-14,228,1941784.8,185.0
SKU027,2025-04-21,180,1532988.0,205.0
SKU027,2025-04-28,188,1601120.8,188.0
SKU027,2025-05-05,180,1532988.0,194.0
SKU027,2025-05-12,209,1779969.4,196.0
SKU027,2025-05-19,204,1737386.4,193.0
SKU027,2025-05-26,195,1660737.0,210.0
SKU027,2025-06-02,181,1541504.5999999999,179.0
SKU027,2025-06-09,165,1405239.0,219.0
SKU027,2025-06-16,193,1643703.8,200.0
SKU027,2025-06-23,183,1558537.7999999998,178.0
SKU027,2025-06-30,165,1405239.0,149.0
SKU027,2025-07-07,185,1575571.0,168.0
SKU027,2025-07-14,163,1388205.8,167.0
SKU027,2025-07-21,155,1320073.0,154.0
SKU027,2025-07-28,156,1328589.6,151.0
SKU027,2025-08-04,120,1021992.0,149.0
SKU027,2025-08-11,146,1243423.6,158.0
SKU027,2025-08-18,145,1234907.0,165.0
SKU027,2025-08-25,138,1175290.8,154.0
SKU027,2025-09-01,167,1422272.2,127.0
SKU027,2025-09-08,143,1217873.8,134.0
SKU027,2025-09-15,158,1345622.8,143.0
SKU027,2025-09-22,150,1277490.0,156.0
SKU027,2025-09-29,151,1286006.6,126.0
SKU027,2025-10-06,149,1268973.4,126.0
SKU027,2025-10-13,127,1081608.2,121.0
SKU027,2025-10-20,130,1107158.0,151.0
SKU027,2025-10-27,136,1158257.6,138.0
SKU027,2025-11-03,147,1251940.2,143.0
SKU027,2025-11-10,149,1268973.4,153.0
SKU027,2025-11-17,163,1388205.8,163.0
SKU027,2025-11-24,162,1379689.2,152.0
SKU027,2025-12-01,153,1303039.8,153.0
SKU027,2025-12-08,161,1371172.6,154.0
SKU027,2025-12-15,182,1550021.2,133.0
SKU027,2025-12-22,144,1226390.4,172.0
SKU027,2025-12-29,67,570612.2,185.0
SKU028,2024-01-01,32,111490.88,
SKU028,2024-01-08,35,121943.15000000001,
SKU028,2024-01-15,39,135879.51,
SKU028,2024-01-22,34,118459.06,
SKU028,2024-01-29,40,139363.6,
SKU028,2024-02-05,37,128911.33,
SKU028,2024-02-12,43,149815.87,
SKU028,2024-02-19,34,118459.06,
SKU028,2024-02-26,44,153299.96000000002,
SKU028,2024-03-04,54,188140.86000000002,
SKU028,2024-03-11,43,149815.87,
SKU028,2024-03-18,47,163752.23,
SKU028,2024-03-25,56,195109.04,
SKU028,2024-04-01,47,163752.23,
SKU028,2024-04-08,50,174204.5,
SKU028,2024-04-15,56,195109.04,
SKU028,2024-04-22,44,153299.96,
SKU028,2024-04-29,40,139363.6,
SKU028,2024-05-06,45,156784.05000000002,
SKU028,2024-05-13,53,184656.77,
SKU028,2024-05-20,40,139363.6,
SKU028,2024-05-27,52,181172.68,
SKU028,2024-06-03,32,111490.88,
SKU028,2024-06-10,48,167236.32,
SKU028,2024-06-17,52,181172.68,
SKU028,2024-06-24,52,181172.68,
SKU028,2024-07-01,42,146331.78,
SKU028,2024-07-08,37,128911.33,
SKU028,2024-07-15,39,135879.51,
SKU028,2024-07-22,46,160268.14,
SKU028,2024-07-29,30,104522.70000000001,
SKU028,2024-08-05,28,97554.52,
SKU028,2024-08-12,31,108006.79000000001,
SKU028,2024-08-19,37,128911.33,
SKU028,2024-08-26,31,108006.79000000001,
SKU028,2024-09-02,41,142847.69,
SKU028,2024-09-09,26,90586.34,
SKU028,2024-09-16,44,153299.96000000002,
SKU028,2024-09-23,25,87102.25,
SKU028,2024-09-30,36,125427.24,
SKU028,2024-10-07,29,101038.61,
SKU028,2024-10-14,34,118459.06,
SKU028,2024-10-21,26,90586.34,
SKU028,2024-10-28,40,139363.6,
SKU028,2024-11-04,32,111490.88,
SKU028,2024-11-11,33,114974.97,
SKU028,2024-11-18,30,104522.70000000001,
SKU028,2024-11-25,41,142847.69,
SKU028,2024-12-02,36,125427.23999999999,
SKU028,2024-12-09,48,167236.32,
SKU028,2024-12-16,45,156784.05,
SKU028,2024-12-23,37,128911.33,
SKU028,2024-12-30,47,163752.23,32.0
SKU028,2025-01-06,41,142847.69,35.0
SKU028,2025-01-13,43,149815.87,39.0
SKU028,2025-01-20,42,146331.78,34.0
SKU028,2025-01-27,38,132395.42,40.0
SKU028,2025-02-03,44,153299.96000000002,37.0
SKU028,2025-02-10,37,128911.33,43.0
SKU028,2025-02-17,32,111490.88,34.0
SKU028,2025-02-24,41,142847.69,44.0
SKU028,2025-03-03,52,181172.68,54.0
SKU028,2025-03-10,43,149815.87,43.0
SKU028,2025-03-17,50,174204.5,47.0
SKU028,2025-03-24,54,188140.86000000002,56.0
SKU028,2025-03-31,36,125427.24,47.0
SKU028,2025-04-07,42,146331.78,50.0
SKU028,2025-04-14,44,153299.96000000002,56.0
SKU028,2025-04-21,49,170720.41,44.0
SKU028,2025-04-28,44,153299.96000000002,40.0
SKU028,2025-05-05,49,170720.41,45.0
SKU028,2025-05-12,48,167236.32,53.0
SKU028,2025-05-19,52,181172.68,40.0
SKU028,2025-05-26,40,139363.6,52.0
SKU028,2025-06-02,49,170720.41,32.0
SKU028,2025-06-09,41,142847.69,48.0
SKU028,2025-06-16,41,142847.69,52.0
SKU028,2025-06-23,43,149815.87,52.0
SKU028,2025-06-30,32,111490.88,42.0
SKU028,2025-07-07,46,160268.14,37.0
SKU028,2025-07-14,42,146331.78,39.0
SKU028,2025-07-21,36,125427.24,46.0
SKU028,2025-07-28,35,121943.15000000001,30.0
SKU028,2025-08-04,40,139363.6,28.0
SKU028,2025-08-11,31,108006.79000000001,31.0
SKU028,2025-08-18,27,94070.43000000001,37.0
SKU028,2025-08-25,45,156784.05000000002,31.0
SKU028,2025-09-01,35,121943.15000000001,41.0
SKU028,2025-09-08,36,125427.24,26.0
SKU028,2025-09-15,34,118459.06,44.0
SKU028,2025-09-22,30,104522.70000000001,25.0
SKU028,2025-09-29,18,62713.62,36.0
SKU028,2025-10-06,31,108006.79000000001,29.0
SKU028,2025-10-13,32,111490.88,34.0
SKU028,2025-10-20,30,104522.70000000001,26.0
SKU028,2025-10-27,31,108006.79000000001,40.0
SKU028,2025-11-03,30,104522.70000000001,32.0
SKU028,2025-11-10,40,139363.6,33.0
SKU028,2025-11-17,39,135879.51,30.0
SKU028,2025-11-24,34,118459.06,41.0
SKU028,2025-12-01,40,139363.6,36.0
SKU028,2025-12-08,25,87102.25,48.0
SKU028,2025-12-15,22,76649.98000000001,45.0
SKU028,2025-12-22,31,108006.79000000001,37.0
SKU028,2025-12-29,14,48777.26,47.0
SKU029,2024-01-01,114,1327239.3,
SKU029,2024-01-08,120,1397094.0,
SKU029,2024-01-15,93,1082747.8499999999,
SKU029,2024-01-22,94,1094390.3,
SKU029,2024-01-29,109,1269027.05,
SKU029,2024-02-05,102,1187529.9,
SKU029,2024-02-12,114,1327239.3,
SKU029,2024-02-19,112,1303954.4,
SKU029,2024-02-26,115,1338881.75,
SKU029,2024-03-04,131,1525160.95,
SKU029,2024-03-11,133,1548445.85,
SKU029,2024-03-18,142,1653227.9,
SKU029,2024-03-25,125,1455306.25,
SKU029,2024-04-01,117,1362166.65,
SKU029,2024-04-08,139,1618300.55,
SKU029,2024-04-15,126,1466948.7,
SKU029,2024-04-22,125,1455306.25,
SKU029,2024-04-29,117,1362166.65,
SKU029,2024-05-06,116,1350524.2,
SKU029,2024-05-13,117,1362166.65,
SKU029,2024-05-20,134,1560088.3,
SKU029,2024-05-27,132,1536803.4,
SKU029,2024-06-03,129,1501876.05,
SKU029,2024-06-10,142,1653227.9,
SKU029,2024-06-17,128,1490233.5999999999,
SKU029,2024-06-24,127,1478591.15,
SKU029,2024-07-01,118,1373809.0999999999,
SKU029,2024-07-08,101,1175887.45,
SKU029,2024-07-15,86,1001250.7,
SKU029,2024-07-22,134,1560088.3,
SKU029,2024-07-29,100,1164245.0,
SKU029,2024-08-05,98,1140960.0999999999,
SKU029,2024-08-12,107,1245742.15,
SKU029,2024-08-19,106,1234099.7,
SKU029,2024-08-26,99,1152602.55,
SKU029,2024-09-02,109,1269027.05,
SKU029,2024-09-09,104,1210814.8,
SKU029,2024-09-16,93,1082747.85,
SKU029,2024-09-23,93,1082747.85,
SKU029,2024-09-30,98,1140960.1,
SKU029,2024-10-07,96,1117675.2,
SKU029,2024-10-14,90,1047820.5,
SKU029,2024-10-21,96,1117675.2,
SKU029,2024-10-28,75,873183.75,
SKU029,2024-11-04,95,1106032.75,
SKU029,2024-11-11,110,1280669.5,
SKU029,2024-11-18,114,1327239.3,
SKU029,2024-11-25,83,966323.35,
SKU029,2024-12-02,110,1280669.5,
SKU029,2024-12-09,95,1106032.75,
SKU029,2024-12-16,109,1269027.05,
SKU029,2024-12-23,96,1117675.2,
SKU029,2024-12-30,114,1327239.3,114.0
SKU029,2025-01-06,110,1280669.5,120.0
SKU029,2025-01-13,124,1443663.8,93.0
SKU029,2025-01-20,91,1059462.95,94.0
SKU029,2025-01-27,111,1292311.95,109.0
SKU029,2025-02-03,105,1222457.25,102.0
SKU029,2025-02-10,127,1478591.15,114.0
SKU029,2025-02-17,118,1373809.1,112.0
SKU029,2025-02-24,116,1350524.2,115.0
SKU029,2025-03-03,127,1478591.15,131.0
SKU029,2025-03-10,106,1234099.7,133.0
SKU029,2025-03-17,147,1711440.15,142.0
SKU029,2025-03-24,132,1536803.4,125.0
SKU029,2025-03-31,136,1583373.2,117.0
SKU029,2025-04-07,120,1397094.0,139.0
SKU029,2025-04-14,131,1525160.95,126.0
SKU029,2025-04-21,120,1397094.0,125.0
SKU029,2025-04-28,116,1350524.2,117.0
SKU029,2025-05-05,127,1478591.15,116.0
SKU029,2025-05-12,142,1653227.9,117.0
SKU029,2025-05-19,130,1513518.5,134.0
SKU029,2025-05-26,133,1548445.8499999999,132.0
SKU029,2025-06-02,117,1362166.65,129.0
SKU029,2025-06-09,121,1408736.45,142.0
SKU029,2025-06-16,122,1420378.9,128.0
SKU029,2025-06-23,114,1327239.3,127.0
SKU029,2025-06-30,102,1187529.9,118.0
SKU029,2025-07-07,107,1245742.15,101.0
SKU029,2025-07-14,112,1303954.4,86.0
SKU029,2025-07-21,120,1397094.0,134.0
SKU029,2025-07-28,97,1129317.65,100.0
SKU029,2025-08-04,93,1082747.85,98.0
SKU029,2025-08-11,113,1315596.85,107.0
SKU029,2025-08-18,114,1327239.3,106.0
SKU029,2025-08-25,103,1199172.35,99.0
SKU029,2025-09-01,90,1047820.5,109.0
SKU029,2025-09-08,89,1036178.0499999999,104.0
SKU029,2025-09-15,105,1222457.25,93.0
SKU029,2025-09-22,86,1001250.7,93.0
SKU029,2025-09-29,78,908111.1,98.0
SKU029,2025-10-06,92,1071105.4,96.0
SKU029,2025-10-13,85,989608.25,90.0
SKU029,2025-10-20,98,1140960.1,96.0
SKU029,2025-10-27,104,1210814.8,75.0
SKU029,2025-11-03,88,1024535.6000000001,95.0
SKU029,2025-11-10,98,1140960.1,110.0
SKU029,2025-11-17,97,1129317.65,114.0
SKU029,2025-11-24,96,1117675.2,83.0
SKU029,2025-12-01,87,1012893.15,110.0
SKU029,2025-12-08,115,1338881.75,95.0
SKU029,2025-12-15,104,1210814.8,109.0
SKU029,2025-12-22,97,1129317.65,96.0
SKU029,2025-12-29,35,407485.75,114.0
SKU030,2024-01-01,39,367906.89,
SKU030,2024-01-08,41,386773.91000000003,
SKU030,2024-01-15,23,216970.73,
SKU030,2024-01-22,28,264138.28,
SKU030,2024-01-29,29,273571.79,
SKU030,2024-02-05,30,283005.3,
SKU030,2024-02-12,36,339606.36,
SKU030,2024-02-19,42,396207.42,
SKU030,2024-02-26,43,405640.93,
SKU030,2024-03-04,22,207537.22,
SKU030,2024-03-11,38,358473.38,
SKU030,2024-03-18,43,405640.93000000005,
SKU030,2024-03-25,36,339606.36,
SKU030,2024-04-01,45,424507.95,
SKU030,2024-04-08,40,377340.4,
SKU030,2024-04-15,38,358473.38,
SKU030,2024-04-22,36,339606.36000000004,
SKU030,2024-04-29,35,330172.85000000003,
SKU030,2024-05-06,41,386773.91000000003,
SKU030,2024-05-13,42,396207.42000000004,
SKU030,2024-05-20,47,443374.97,
SKU030,2024-05-27,40,377340.4,
SKU030,2024-06-03,29,273571.79000000004,
SKU030,2024-06-10,47,443374.97000000003,
SKU030,2024-06-17,28,264138.28,
SKU030,2024-06-24,30,283005.3,
SKU030,2024-07-01,36,339606.36,
SKU030,2024-07-08,27,254704.77000000002,
SKU030,2024-07-15,27,254704.77000000002,
SKU030,2024-07-22,32,301872.32,
SKU030,2024-07-29,38,358473.38,
SKU030,2024-08-05,45,424507.95,
SKU030,2024-08-12,25,235837.75,
SKU030,2024-08-19,30,283005.3,
SKU030,2024-08-26,39,367906.89,
SKU030,2024-09-02,26,245271.26,
SKU030,2024-09-09,30,283005.3,
SKU030,2024-09-16,32,301872.32,
SKU030,2024-09-23,37,349039.87,
SKU030,2024-09-30,22,207537.22,
SKU030,2024-10-07,18,169803.18,
SKU030,2024-10-14,31,292438.81,
SKU030,2024-10-21,26,245271.26,
SKU030,2024-10-28,27,254704.77,
SKU030,2024-11-04,28,264138.28,
SKU030,2024-11-11,30,283005.3,
SKU030,2024-11-18,30,283005.3,
SKU030,2024-11-25,32,301872.32,
SKU030,2024-12-02,30,283005.3,
SKU030,2024-12-09,38,358473.38,
SKU030,2024-12-16,32,301872.32,
SKU030,2024-12-23,27,254704.77000000002,
SKU030,2024-12-30,21,198103.71,39.0
SKU030,2025-01-06,31,292438.81,41.0
SKU030,2025-01-13,34,320739.33999999997,23.0
SKU030,2025-01-20,36,339606.36,28.0
SKU030,2025-01-27,26,245271.26,29.0
SKU030,2025-02-03,41,386773.91000000003,30.0
SKU030,2025-02-10,31,292438.81,36.0
SKU030,2025-02-17,39,367906.89,42.0
SKU030,2025-02-24,47,443374.97000000003,43.0
SKU030,2025-03-03,39,367906.89,22.0
SKU030,2025-03-10,32,301872.32,38.0
SKU030,2025-03-17,44,415074.44,43.0
SKU030,2025-03-24,40,377340.4,36.0
SKU030,2025-03-31,30,283005.3,45.0
SKU030,2025-04-07,35,330172.85,40.0
SKU030,2025-04-14,31,292438.81,38.0
SKU030,2025-04-21,40,377340.4,36.0
SKU030,2025-04-28,44,415074.44,35.0
SKU030,2025-05-05,30,283005.30000000005,41.0
SKU030,2025-05-12,37,349039.87,42.0
SKU030,2025-05-19,38,358473.38,47.0
SKU030,2025-05-26,39,367906.89,40.0
SKU030,2025-06-02,38,358473.38,29.0
SKU030,2025-06-09,51,481109.01,47.0
SKU030,2025-06-16,31,292438.81,28.0
SKU030,2025-06-23,47,443374.97000000003,30.0
SKU030,2025-06-30,27,254704.77000000002,36.0
SKU030,2025-07-07,29,273571.79000000004,27.0
SKU030,2025-07-14,36,339606.36,27.0
SKU030,2025-07-21,29,273571.79000000004,32.0
SKU030,2025-07-28,33,311305.83,38.0
SKU030,2025-08-04,30,283005.3,45.0
SKU030,2025-08-11,28,264138.28,25.0
SKU030,2025-08-18,36,339606.36,30.0
SKU030,2025-08-25,32,301872.32,39.0
SKU030,2025-09-01,26,245271.26,26.0
SKU030,2025-09-08,34,320739.33999999997,30.0
SKU030,2025-09-15,32,301872.32,32.0
SKU030,2025-09-22,41,386773.91000000003,37.0
SKU030,2025-09-29,27,254704.77000000002,22.0
SKU030,2025-10-06,25,235837.75,18.0
SKU030,2025-10-13,32,301872.32,31.0
SKU030,2025-10-20,27,254704.77,26.0
SKU030,2025-10-27,28,264138.27999999997,27.0
SKU030,2025-11-03,25,235837.75,28.0
SKU030,2025-11-10,34,320739.33999999997,30.0
SKU030,2025-11-17,33,311305.83,30.0
SKU030,2025-11-24,26,245271.26,32.0
SKU030,2025-12-01,25,235837.75,30.0
SKU030,2025-12-08,35,330172.85000000003,38.0
SKU030,2025-12-15,26,245271.26,32.0
SKU030,2025-12-22,28,264138.28,27.0
SKU030,2025-12-29,14,132069.14,21.0
SKU031,2024-01-01,143,1246377.99,
SKU031,2024-01-08,107,932604.51,
SKU031,2024-01-15,132,1150502.76,
SKU031,2024-01-22,144,1255093.92,
SKU031,2024-01-29,138,1202798.34,
SKU031,2024-02-05,137,1194082.4100000001,
SKU031,2024-02-12,137,1194082.4100000001,
SKU031,2024-02-19,150,1307389.5,
SKU031,2024-02-26,136,1185366.48,
SKU031,2024-03-04,163,1420696.59,
SKU031,2024-03-11,167,1455560.31,
SKU031,2024-03-18,166,1446844.38,
SKU031,2024-03-25,150,1307389.5,
SKU031,2024-04-01,158,1377116.94,
SKU031,2024-04-08,130,1133070.9,
SKU031,2024-04-15,165,1438128.45,
SKU031,2024-04-22,121,1054627.53,
SKU031,2024-04-29,159,1385832.87,
SKU031,2024-05-06,152,1324821.3599999999,
SKU031,2024-05-13,143,1246377.99,
SKU031,2024-05-20,150,1307389.5,
SKU031,2024-05-27,160,1394548.8,
SKU031,2024-06-03,151,1316105.43,
SKU031,2024-06-10,150,1307389.5,
SKU031,2024-06-17,152,1324821.3599999999,
SKU031,2024-06-24,164,1429412.52,
SKU031,2024-07-01,133,1159218.69,
SKU031,2024-07-08,120,1045911.6,
SKU031,2024-07-15,126,1098207.18,
SKU031,2024-07-22,122,1063343.46,
SKU031,2024-07-29,98,854161.14,
SKU031,2024-08-05,145,1263809.85,
SKU031,2024-08-12,120,1045911.6,
SKU031,2024-08-19,104,906456.72,
SKU031,2024-08-26,124,1080775.32,
SKU031,2024-09-02,110,958752.3,
SKU031,2024-09-09,135,1176650.55,
SKU031,2024-09-16,123,1072059.3900000001,
SKU031,2024-09-23,116,1011047.88,
SKU031,2024-09-30,105,915172.65,
SKU031,2024-10-07,109,950036.37,
SKU031,2024-10-14,109,950036.37,
SKU031,2024-10-21,112,976184.16,
SKU031,2024-10-28,129,1124354.97,
SKU031,2024-11-04,113,984900.0900000001,
SKU031,2024-11-11,105,915172.65,
SKU031,2024-11-18,113,984900.09,
SKU031,2024-11-25,103,897740.79,
SKU031,2024-12-02,114,993616.02,
SKU031,2024-12-09,107,932604.51,
SKU031,2024-12-16,106,923888.58,
SKU031,2024-12-23,108,941320.44,
SKU031,2024-12-30,138,1202798.34,143.0
SKU031,2025-01-06,145,1263809.85,107.0
SKU031,2025-01-13,132,1150502.76,132.0
SKU031,2025-01-20,140,1220230.2,144.0
SKU031,2025-01-27,131,1141786.83,138.0
SKU031,2025-02-03,152,1324821.36,137.0
SKU031,2025-02-10,163,1420696.59,137.0
SKU031,2025-02-17,130,1133070.9,150.0
SKU031,2025-02-24,137,1194082.41,136.0
SKU031,2025-03-03,170,1481708.1,163.0
SKU031,2025-03-10,133,1159218.69,167.0
SKU031,2025-03-17,145,1263809.85,166.0
SKU031,2025-03-24,173,1507855.8900000001,150.0
SKU031,2025-03-31,131,1141786.83,158.0
SKU031,2025-04-07,160,1394548.8,130.0
SKU031,2025-04-14,132,1150502.76,165.0
SKU031,2025-04-21,130,1133070.9000000001,121.0
SKU031,2025-04-28,153,1333537.29,159.0
SKU031,2025-05-05,156,1359685.08,152.0
SKU031,2025-05-12,145,1263809.85,143.0
SKU031,2025-05-19,158,1377116.94,150.0
SKU031,2025-05-26,153,1333537.29,160.0
SKU031,2025-06-02,156,1359685.08,151.0
SKU031,2025-06-09,162,1411980.66,150.0
SKU031,2025-06-16,144,1255093.92,152.0
SKU031,2025-06-23,136,1185366.48,164.0
SKU031,2025-06-30,124,1080775.32,133.0
SKU031,2025-07-07,111,967468.23,120.0
SKU031,2025-07-14,131,1141786.83,126.0
SKU031,2025-07-21,127,1106923.11,122.0
SKU031,2025-07-28,121,1054627.53,98.0
SKU031,2025-08-04,129,1124354.97,145.0
SKU031,2025-08-11,136,1185366.48,120.0
SKU031,2025-08-18,111,967468.23,104.0
SKU031,2025-08-25,123,1072059.3900000001,124.0
SKU031,2025-09-01,118,1028479.74,110.0
SKU031,2025-09-08,125,1089491.25,135.0
SKU031,2025-09-15,118,1028479.74,123.0
SKU031,2025-09-22,112,976184.16,116.0
SKU031,2025-09-29,107,932604.51,105.0
SKU031,2025-10-06,109,950036.37,109.0
SKU031,2025-10-13,120,1045911.6,109.0
SKU031,2025-10-20,114,993616.02,112.0
SKU031,2025-10-27,110,958752.3,129.0
SKU031,2025-11-03,109,950036.37,113.0
SKU031,2025-11-10,131,1141786.83,105.0
SKU031,2025-11-17,113,984900.09,113.0
SKU031,2025-11-24,104,906456.72,103.0
SKU031,2025-12-01,96,836729.28,114.0
SKU031,2025-12-08,104,906456.72,107.0
SKU031,2025-12-15,132,1150502.76,106.0
SKU031,2025-12-22,97,845445.21,108.0
SKU031,2025-12-29,50,435796.5,138.0
SKU032,2024-01-01,53,297467.27,
SKU032,2024-01-08,66,370430.94,
SKU032,2024-01-15,72,404106.48,
SKU032,2024-01-22,70,392881.3,
SKU032,2024-01-29,64,359205.76,
SKU032,2024-02-05,89,499520.51,
SKU032,2024-02-12,69,387268.71,
SKU032,2024-02-19,77,432169.43,
SKU032,2024-02-26,93,521970.87,
SKU032,2024-03-04,68,381656.12,
SKU032,2024-03-11,78,437782.02,
SKU032,2024-03-18,85,477070.15,
SKU032,2024-03-25,71,398493.89,
SKU032,2024-04-01,75,420944.25,
SKU032,2024-04-08,74,415331.66,
SKU032,2024-04-15,68,381656.12,
SKU032,2024-04-22,78,437782.02,
SKU032,2024-04-29,73,409719.07,
SKU032,2024-05-06,57,319917.63,
SKU032,2024-05-13,101,566871.59,
SKU032,2024-05-20,72,404106.48,
SKU032,2024-05-27,84,471457.56,
SKU032,2024-06-03,83,465844.97,
SKU032,2024-06-10,65,364818.35,
SKU032,2024-06-17,74,415331.66,
SKU032,2024-06-24,71,398493.89,
SKU032,2024-07-01,66,370430.94,
SKU032,2024-07-08,69,387268.71,
SKU032,2024-07-15,75,420944.25,
SKU032,2024-07-22,53,297467.27,
SKU032,2024-07-29,46,258179.14,
SKU032,2024-08-05,61,342367.99,
SKU032,2024-08-12,54,303079.86,
SKU032,2024-08-19,42,235728.78000000003,
SKU032,2024-08-26,50,280629.5,
SKU032,2024-09-02,58,325530.22,
SKU032,2024-09-09,60,336755.4,
SKU032,2024-09-16,69,387268.70999999996,
SKU032,2024-09-23,43,241341.37,
SKU032,2024-09-30,50,280629.5,
SKU032,2024-10-07,56,314305.04,
SKU032,2024-10-14,49,275016.91,
SKU032,2024-10-21,48,269404.32,
SKU032,2024-10-28,51,286242.08999999997,
SKU032,2024-11-04,68,381656.12,
SKU032,2024-11-11,53,297467.27,
SKU032,2024-11-18,41,230116.19,
SKU032,2024-11-25,50,280629.5,
SKU032,2024-12-02,54,303079.86,
SKU032,2024-12-09,58,325530.22000000003,
SKU032,2024-12-16,59,331142.81,
SKU032,2024-12-23,64,359205.76,
SKU032,2024-12-30,57,319917.63,53.0
SKU032,2025-01-06,54,303079.86,66.0
SKU032,2025-01-13,67,376043.53,72.0
SKU032,2025-01-20,64,359205.76,70.0
SKU032,2025-01-27,63,353593.17000000004,64.0
SKU032,2025-02-03,74,415331.66000000003,89.0
SKU032,2025-02-10,63,353593.17,69.0
SKU032,2025-02-17,80,449007.2,77.0
SKU032,2025-02-24,73,409719.07,93.0
SKU032,2025-03-03,58,325530.22,68.0
SKU032,2025-03-10,98,550033.8200000001,78.0
SKU032,2025-03-17,83,465844.97,85.0
SKU032,2025-03-24,74,415331.66000000003,71.0
SKU032,2025-03-31,68,381656.12,75.0
SKU032,2025-04-07,78,437782.02,74.0
SKU032,2025-04-14,92,516358.28,68.0
SKU032,2025-04-21,71,398493.89,78.0
SKU032,2025-04-28,89,499520.51,73.0
SKU032,2025-05-05,94,527583.46,57.0
SKU032,2025-05-12,73,409719.07,101.0
SKU032,2025-05-19,69,387268.71,72.0
SKU032,2025-05-26,79,443394.61,84.0
SKU032,2025-06-02,77,432169.43,83.0
SKU032,2025-06-09,78,437782.02,65.0
SKU032,2025-06-16,74,415331.66,74.0
SKU032,2025-06-23,55,308692.45,71.0
SKU032,2025-06-30,70,392881.3,66.0
SKU032,2025-07-07,63,353593.17,69.0
SKU032,2025-07-14,54,303079.86,75.0
SKU032,2025-07-21,52,291854.68,53.0
SKU032,2025-07-28,80,449007.2,46.0
SKU032,2025-08-04,51,286242.09,61.0
SKU032,2025-08-11,65,364818.35,54.0
SKU032,2025-08-18,51,286242.09,42.0
SKU032,2025-08-25,55,308692.45,50.0
SKU032,2025-09-01,48,269404.32,58.0
SKU032,2025-09-08,76,426556.83999999997,60.0
SKU032,2025-09-15,57,319917.63,69.0
SKU032,2025-09-22,60,336755.4,43.0
SKU032,2025-09-29,44,246953.96,50.0
SKU032,2025-10-06,50,280629.5,56.0
SKU032,2025-10-13,48,269404.32,49.0
SKU032,2025-10-20,52,291854.68,48.0
SKU032,2025-10-27,67,376043.52999999997,51.0
SKU032,2025-11-03,61,342367.99,68.0
SKU032,2025-11-10,54,303079.86,53.0
SKU032,2025-11-17,70,392881.3,41.0
SKU032,2025-11-24,50,280629.5,50.0
SKU032,2025-12-01,60,336755.4,54.0
SKU032,2025-12-08,56,314305.04,58.0
SKU032,2025-12-15,68,381656.12,59.0
SKU032,2025-12-22,51,286242.09,64.0
SKU032,2025-12-29,26,145927.34,57.0
SKU033,2024-01-01,114,405612.0,
SKU033,2024-01-08,133,473214.0,
SKU033,2024-01-15,132,469656.0,
SKU033,2024-01-22,127,451866.0,
SKU033,2024-01-29,123,437634.0,
SKU033,2024-02-05,144,512352.0,
SKU033,2024-02-12,105,373590.0,
SKU033,2024-02-19,125,444750.0,
SKU033,2024-02-26,125,444750.0,
SKU033,2024-03-04,149,530142.0,
SKU033,2024-03-11,160,569280.0,
SKU033,2024-03-18,151,537258.0,
SKU033,2024-03-25,162,576396.0,
SKU033,2024-04-01,164,583512.0,
SKU033,2024-04-08,178,633324.0,
SKU033,2024-04-15,148,526584.0,
SKU033,2024-04-22,119,423402.0,
SKU033,2024-04-29,138,491004.0,
SKU033,2024-05-06,155,551490.0,
SKU033,2024-05-13,150,533700.0,
SKU033,2024-05-20,120,426960.0,
SKU033,2024-05-27,145,515910.0,
SKU033,2024-06-03,146,519468.0,
SKU033,2024-06-10,152,540816.0,
SKU033,2024-06-17,158,562164.0,
SKU033,2024-06-24,146,519468.0,
SKU033,2024-07-01,134,476772.0,
SKU033,2024-07-08,136,483888.0,
SKU033,2024-07-15,122,434076.0,
SKU033,2024-07-22,125,444750.0,
SKU033,2024-07-29,112,398496.0,
SKU033,2024-08-05,107,380706.0,
SKU033,2024-08-12,103,366474.0,
SKU033,2024-08-19,109,387822.0,
SKU033,2024-08-26,107,380706.0,
SKU033,2024-09-02,109,387822.0,
SKU033,2024-09-09,107,380706.0,
SKU033,2024-09-16,88,313104.0,
SKU033,2024-09-23,106,377148.0,
SKU033,2024-09-30,94,334452.0,
SKU033,2024-10-07,95,338010.0,
SKU033,2024-10-14,104,370032.0,
SKU033,2024-10-21,114,405612.0,
SKU033,2024-10-28,118,419844.0,
SKU033,2024-11-04,123,437634.0,
SKU033,2024-11-11,103,366474.0,
SKU033,2024-11-18,109,387822.0,
SKU033,2024-11-25,86,305988.0,
SKU033,2024-12-02,107,380706.0,
SKU033,2024-12-09,127,451866.0,
SKU033,2024-12-16,120,426960.0,
SKU033,2024-12-23,108,384264.0,
SKU033,2024-12-30,103,366474.0,114.0
SKU033,2025-01-06,123,437634.0,133.0
SKU033,2025-01-13,138,491004.0,132.0
SKU033,2025-01-20,129,458982.0,127.0
SKU033,2025-01-27,139,494562.0,123.0
SKU033,2025-02-03,146,519468.0,144.0
SKU033,2025-02-10,127,451866.0,105.0
SKU033,2025-02-17,129,458982.0,125.0
SKU033,2025-02-24,138,491004.0,125.0
SKU033,2025-03-03,154,547932.0,149.0
SKU033,2025-03-10,160,569280.0,160.0
SKU033,2025-03-17,149,530142.0,151.0
SKU033,2025-03-24,179,636882.0,162.0
SKU033,2025-03-31,156,555048.0,164.0
SKU033,2025-04-07,159,565722.0,178.0
SKU033,2025-04-14,130,462540.0,148.0
SKU033,2025-04-21,159,565722.0,119.0
SKU033,2025-04-28,152,540816.0,138.0
SKU033,2025-05-05,154,547932.0,155.0
SKU033,2025-05-12,140,498120.0,150.0
SKU033,2025-05-19,132,469656.0,120.0
SKU033,2025-05-26,155,551490.0,145.0
SKU033,2025-06-02,132,469656.0,146.0
SKU033,2025-06-09,154,547932.0,152.0
SKU033,2025-06-16,165,587070.0,158.0
SKU033,2025-06-23,145,515910.0,146.0
SKU033,2025-06-30,137,487446.0,134.0
SKU033,2025-07-07,118,419844.0,136.0
SKU033,2025-07-14,121,430518.0,122.0
SKU033,2025-07-21,119,423402.0,125.0
SKU033,2025-07-28,112,398496.0,112.0
SKU033,2025-08-04,110,391380.0,107.0
SKU033,2025-08-11,96,341568.0,103.0
SKU033,2025-08-18,113,402054.0,109.0
SKU033,2025-08-25,115,409170.0,107.0
SKU033,2025-09-01,97,345126.0,109.0
SKU033,2025-09-08,126,448308.0,107.0
SKU033,2025-09-15,110,391380.0,88.0
SKU033,2025-09-22,125,444750.0,106.0
SKU033,2025-09-29,102,362916.0,94.0
SKU033,2025-10-06,88,313104.0,95.0
SKU033,2025-10-13,100,355800.0,104.0
SKU033,2025-10-20,95,338010.0,114.0
SKU033,2025-10-27,95,338010.0,118.0
SKU033,2025-11-03,119,423402.0,123.0
SKU033,2025-11-10,116,412728.0,103.0
SKU033,2025-11-17,120,426960.0,109.0
SKU033,2025-11-24,121,430518.0,86.0
SKU033,2025-12-01,117,416286.0,107.0
SKU033,2025-12-08,109,387822.0,127.0
SKU033,2025-12-15,116,412728.0,120.0
SKU033,2025-12-22,96,341568.0,108.0
SKU033,2025-12-29,42,149436.0,103.0
SKU034,2024-01-01,131,198876.34,
SKU034,2024-01-08,146,221648.44,
SKU034,2024-01-15,137,207985.18,
SKU034,2024-01-22,126,191285.64,
SKU034,2024-01-29,153,232275.41999999998,
SKU034,2024-02-05,160,242902.40000000002,
SKU034,2024-02-12,142,215575.88,
SKU034,2024-02-19,132,200394.48,
SKU034,2024-02-26,155,235311.7,
SKU034,2024-03-04,163,247456.82,
SKU034,2024-03-11,161,244420.54,
SKU034,2024-03-18,171,259601.94,
SKU034,2024-03-25,167,253529.38,
SKU034,2024-04-01,179,271747.06,
SKU034,2024-04-08,174,264156.36,
SKU034,2024-04-15,162,245938.68,
SKU034,2024-04-22,160,242902.40000000002,
SKU034,2024-04-29,170,258083.8,
SKU034,2024-05-06,153,232275.41999999998,
SKU034,2024-05-13,163,247456.82,
SKU034,2024-05-20,147,223166.58000000002,
SKU034,2024-05-27,170,258083.8,
SKU034,2024-06-03,171,259601.94,
SKU034,2024-06-10,165,250493.1,
SKU034,2024-06-17,170,258083.8,
SKU034,2024-06-24,181,274783.34,
SKU034,2024-07-01,148,224684.72,
SKU034,2024-07-08,120,182176.80000000002,
SKU034,2024-07-15,127,192803.78,
SKU034,2024-07-22,132,200394.48,
SKU034,2024-07-29,117,177622.38,
SKU034,2024-08-05,129,195840.06,
SKU034,2024-08-12,120,182176.8,
SKU034,2024-08-19,95,144223.3,
SKU034,2024-08-26,115,174586.1,
SKU034,2024-09-02,110,166995.4,
SKU034,2024-09-09,150,227721.0,
SKU034,2024-09-16,153,232275.41999999998,
SKU034,2024-09-23,111,168513.54,
SKU034,2024-09-30,118,179140.52,
SKU034,2024-10-07,99,150295.86,
SKU034,2024-10-14,116,176104.24,
SKU034,2024-10-21,111,168513.54,
SKU034,2024-10-28,137,207985.18,
SKU034,2024-11-04,122,185213.08000000002,
SKU034,2024-11-11,131,198876.34,
SKU034,2024-11-18,121,183694.94,
SKU034,2024-11-25,142,215575.88,
SKU034,2024-12-02,128,194321.91999999998,
SKU034,2024-12-09,137,207985.18,
SKU034,2024-12-16,114,173067.96000000002,
SKU034,2024-12-23,127,192803.78,
SKU034,2024-12-30,129,195840.06,131.0
SKU034,2025-01-06,128,194321.92,146.0
SKU034,2025-01-13,134,203430.76,137.0
SKU034,2025-01-20,148,224684.72,126.0
SKU034,2025-01-27,142,215575.88,153.0
SKU034,2025-02-03,145,220130.3,160.0
SKU034,2025-02-10,160,242902.4,142.0
SKU034,2025-02-17,163,247456.82,132.0
SKU034,2025-02-24,153,232275.41999999998,155.0
SKU034,2025-03-03,176,267192.64,163.0
SKU034,2025-03-10,197,299073.58,161.0
SKU034,2025-03-17,170,258083.8,171.0
SKU034,2025-03-24,176,267192.64,167.0
SKU034,2025-03-31,159,241384.26,179.0
SKU034,2025-04-07,150,227721.0,174.0
SKU034,2025-04-14,156,236829.84,162.0
SKU034,2025-04-21,170,258083.8,160.0
SKU034,2025-04-28,150,227721.0,170.0
SKU034,2025-05-05,127,192803.78,153.0
SKU034,2025-05-12,171,259601.94,163.0
SKU034,2025-05-19,162,245938.68,147.0
SKU034,2025-05-26,180,273265.2,170.0
SKU034,2025-06-02,163,247456.82,171.0
SKU034,2025-06-09,162,245938.68,165.0
SKU034,2025-06-16,163,247456.82,170.0
SKU034,2025-06-23,172,261120.08000000002,181.0
SKU034,2025-06-30,134,203430.76,148.0
SKU034,2025-07-07,118,179140.52,120.0
SKU034,2025-07-14,147,223166.58000000002,127.0
SKU034,2025-07-21,152,230757.28,132.0
SKU034,2025-07-28,124,188249.36,117.0
SKU034,2025-08-04,111,168513.54,129.0
SKU034,2025-08-11,135,204948.9,120.0
SKU034,2025-08-18,103,156368.42,95.0
SKU034,2025-08-25,138,209503.32,115.0
SKU034,2025-09-01,150,227721.0,110.0
SKU034,2025-09-08,115,174586.1,150.0
SKU034,2025-09-15,110,166995.4,153.0
SKU034,2025-09-22,148,224684.72,111.0
SKU034,2025-09-29,106,160922.84,118.0
SKU034,2025-10-06,97,147259.58000000002,99.0
SKU034,2025-10-13,115,174586.1,116.0
SKU034,2025-10-20,101,153332.14,111.0
SKU034,2025-10-27,122,185213.08000000002,137.0
SKU034,2025-11-03,129,195840.06,122.0
SKU034,2025-11-10,118,179140.52000000002,131.0
SKU034,2025-11-17,133,201912.62,121.0
SKU034,2025-11-24,130,197358.2,142.0
SKU034,2025-12-01,147,223166.58000000002,128.0
SKU034,2025-12-08,118,179140.52,137.0
SKU034,2025-12-15,119,180658.66,114.0
SKU034,2025-12-22,124,188249.36,127.0
SKU034,2025-12-29,42,63761.880000000005,129.0
SKU035,2024-01-01,146,1587047.74,
SKU035,2024-01-08,159,1728360.21,
SKU035,2024-01-15,154,1674009.26,
SKU035,2024-01-22,139,1510956.41,
SKU035,2024-01-29,154,1674009.26,
SKU035,2024-02-05,153,1663139.07,
SKU035,2024-02-12,165,1793581.35,
SKU035,2024-02-19,163,1771840.97,
SKU035,2024-02-26,173,1880542.87,
SKU035,2024-03-04,177,1924023.6300000001,
SKU035,2024-03-11,177,1924023.63,
SKU035,2024-03-18,185,2010985.15,
SKU035,2024-03-25,176,1913153.44,
SKU035,2024-04-01,165,1793581.35,
SKU035,2024-04-08,187,2032725.53,
SKU035,2024-04-15,159,1728360.21,
SKU035,2024-04-22,201,2184908.19,
SKU035,2024-04-29,169,1837062.11,
SKU035,2024-05-06,159,1728360.21,
SKU035,2024-05-13,158,1717490.02,
SKU035,2024-05-20,174,1891413.06,
SKU035,2024-05-27,176,1913153.44,
SKU035,2024-06-03,166,1804451.54,
SKU035,2024-06-10,195,2119687.05,
SKU035,2024-06-17,159,1728360.21,
SKU035,2024-06-24,177,1924023.63,
SKU035,2024-07-01,143,1554437.17,
SKU035,2024-07-08,159,1728360.21,
SKU035,2024-07-15,132,1434865.08,
SKU035,2024-07-22,159,1728360.21,
SKU035,2024-07-29,144,1565307.36,
SKU035,2024-08-05,137,1489216.03,
SKU035,2024-08-12,137,1489216.03,
SKU035,2024-08-19,125,1358773.75,
SKU035,2024-08-26,135,1467475.65,
SKU035,2024-09-02,120,1304422.8,
SKU035,2024-09-09,134,1456605.46,
SKU035,2024-09-16,133,1445735.27,
SKU035,2024-09-23,130,1413124.7,
SKU035,2024-09-30,114,1239201.6600000001,
SKU035,2024-10-07,102,1108759.38,
SKU035,2024-10-14,126,1369643.94,
SKU035,2024-10-21,102,1108759.38,
SKU035,2024-10-28,119,1293552.6099999999,
SKU035,2024-11-04,124,1347903.56,
SKU035,2024-11-11,117,1271812.23,
SKU035,2024-11-18,135,1467475.65,
SKU035,2024-11-25,132,1434865.08,
SKU035,2024-12-02,135,1467475.65,
SKU035,2024-12-09,133,1445735.27,
SKU035,2024-12-16,134,1456605.46,
SKU035,2024-12-23,126,1369643.94,
SKU035,2024-12-30,139,1510956.4100000001,146.0
SKU035,2025-01-06,149,1619658.31,159.0
SKU035,2025-01-13,122,1326163.18,154.0
SKU035,2025-01-20,148,1608788.1199999999,139.0
SKU035,2025-01-27,140,1521826.6,154.0
SKU035,2025-02-03,179,1945764.01,153.0
SKU035,2025-02-10,184,2000114.96,165.0
SKU035,2025-02-17,165,1793581.35,163.0
SKU035,2025-02-24,189,2054465.9100000001,173.0
SKU035,2025-03-03,175,1902283.25,177.0
SKU035,2025-03-10,162,1760970.78,177.0
SKU035,2025-03-17,176,1913153.44,185.0
SKU035,2025-03-24,181,1967504.3900000001,176.0
SKU035,2025-03-31,164,1782711.16,165.0
SKU035,2025-04-07,187,2032725.53,187.0
SKU035,2025-04-14,173,1880542.87,159.0
SKU035,2025-04-21,160,1739230.4,201.0
SKU035,2025-04-28,176,1913153.44,169.0
SKU035,2025-05-05,180,1956634.2,159.0
SKU035,2025-05-12,181,1967504.3900000001,158.0
SKU035,2025-05-19,169,1837062.1099999999,174.0
SKU035,2025-05-26,183,1989244.77,176.0
SKU035,2025-06-02,190,2065336.1,166.0
SKU035,2025-06-09,163,1771840.97,195.0
SKU035,2025-06-16,152,1652268.88,159.0
SKU035,2025-06-23,177,1924023.63,177.0
SKU035,2025-06-30,148,1608788.12,143.0
SKU035,2025-07-07,123,1337033.37,159.0
SKU035,2025-07-14,132,1434865.08,132.0
SKU035,2025-07-21,154,1674009.26,159.0
SKU035,2025-07-28,137,1489216.03,144.0
SKU035,2025-08-04,134,1456605.46,137.0
SKU035,2025-08-11,146,1587047.74,137.0
SKU035,2025-08-18,117,1271812.23,125.0
SKU035,2025-08-25,132,1434865.08,135.0
SKU035,2025-09-01,147,1597917.93,120.0
SKU035,2025-09-08,119,1293552.61,134.0
SKU035,2025-09-15,138,1500086.22,133.0
SKU035,2025-09-22,123,1337033.37,130.0
SKU035,2025-09-29,134,1456605.46,114.0
SKU035,2025-10-06,108,1173980.52,102.0
SKU035,2025-10-13,129,1402254.51,126.0
SKU035,2025-10-20,135,1467475.65,102.0
SKU035,2025-10-27,117,1271812.23,119.0
SKU035,2025-11-03,113,1228331.47,124.0
SKU035,2025-11-10,124,1347903.56,117.0
SKU035,2025-11-17,133,1445735.27,135.0
SKU035,2025-11-24,131,1423994.8900000001,132.0
SKU035,2025-12-01,128,1391384.32,135.0
SKU035,2025-12-08,128,1391384.32,133.0
SKU035,2025-12-15,127,1380514.13,134.0
SKU035,2025-12-22,148,1608788.12,126.0
SKU035,2025-12-29,40,434807.6,139.0
SKU036,2024-01-01,25,142175.0,
SKU036,2024-01-08,28,159236.0,
SKU036,2024-01-15,40,227480.0,
SKU036,2024-01-22,39,221793.0,
SKU036,2024-01-29,46,261602.0,
SKU036,2024-02-05,29,164923.0,
SKU036,2024-02-12,41,233167.0,
SKU036,2024-02-19,33,187671.0,
SKU036,2024-02-26,47,267289.0,
SKU036,2024-03-04,53,301411.0,
SKU036,2024-03-11,33,187671.0,
SKU036,2024-03-18,49,278663.0,
SKU036,2024-03-25,41,233167.0,
SKU036,2024-04-01,49,278663.0,
SKU036,2024-04-08,44,250228.0,
SKU036,2024-04-15,44,250228.0,
SKU036,2024-04-22,33,187671.0,
SKU036,2024-04-29,28,159236.0,
SKU036,2024-05-06,24,136488.0,
SKU036,2024-05-13,39,221793.0,
SKU036,2024-05-20,30,170610.0,
SKU036,2024-05-27,45,255915.0,
SKU036,2024-06-03,43,244541.0,
SKU036,2024-06-10,41,233167.0,
SKU036,2024-06-17,27,153549.0,
SKU036,2024-06-24,39,221793.0,
SKU036,2024-07-01,21,119427.0,
SKU036,2024-07-08,21,119427.0,
SKU036,2024-07-15,49,278663.0,
SKU036,2024-07-22,31,176297.0,
SKU036,2024-07-29,25,142175.0,
SKU036,2024-08-05,21,119427.0,
SKU036,2024-08-12,24,136488.0,
SKU036,2024-08-19,34,193358.0,
SKU036,2024-08-26,28,159236.0,
SKU036,2024-09-02,33,187671.0,
SKU036,2024-09-09,30,170610.0,
SKU036,2024-09-16,28,159236.0,
SKU036,2024-09-23,32,181984.0,
SKU036,2024-09-30,27,153549.0,
SKU036,2024-10-07,35,199045.0,
SKU036,2024-10-14,29,164923.0,
SKU036,2024-10-21,21,119427.0,
SKU036,2024-10-28,28,159236.0,
SKU036,2024-11-04,33,187671.0,
SKU036,2024-11-11,40,227480.0,
SKU036,2024-11-18,33,187671.0,
SKU036,2024-11-25,25,142175.0,
SKU036,2024-12-02,26,147862.0,
SKU036,2024-12-09,36,204732.0,
SKU036,2024-12-16,25,142175.0,
SKU036,2024-12-23,37,210419.0,
SKU036,2024-12-30,22,125114.0,25.0
SKU036,2025-01-06,32,181984.0,28.0
SKU036,2025-01-13,36,204732.0,40.0
SKU036,2025-01-20,38,216106.0,39.0
SKU036,2025-01-27,39,221793.0,46.0
SKU036,2025-02-03,39,221793.0,29.0
SKU036,2025-02-10,30,170610.0,41.0
SKU036,2025-02-17,40,227480.0,33.0
SKU036,2025-02-24,34,193358.0,47.0
SKU036,2025-03-03,35,199045.0,53.0
SKU036,2025-03-10,27,153549.0,33.0
SKU036,2025-03-17,34,193358.0,49.0
SKU036,2025-03-24,41,233167.0,41.0
SKU036,2025-03-31,40,227480.0,49.0
SKU036,2025-04-07,46,261602.0,44.0
SKU036,2025-04-14,33,187671.0,44.0
SKU036,2025-04-21,47,267289.0,33.0
SKU036,2025-04-28,43,244541.0,28.0
SKU036,2025-05-05,44,250228.0,24.0
SKU036,2025-05-12,45,255915.0,39.0
SKU036,2025-05-19,28,159236.0,30.0
SKU036,2025-05-26,44,250228.0,45.0
SKU036,2025-06-02,31,176297.0,43.0
SKU036,2025-06-09,30,170610.0,41.0
SKU036,2025-06-16,42,238854.0,27.0
SKU036,2025-06-23,40,227480.0,39.0
SKU036,2025-06-30,33,187671.0,21.0
SKU036,2025-07-07,33,187671.0,21.0
SKU036,2025-07-14,37,210419.0,49.0
SKU036,2025-07-21,26,147862.0,31.0
SKU036,2025-07-28,33,187671.0,25.0
SKU036,2025-08-04,26,147862.0,21.0
SKU036,2025-08-11,22,125114.0,24.0
SKU036,2025-08-18,27,153549.0,34.0
SKU036,2025-08-25,43,244541.0,28.0
SKU036,2025-09-01,28,159236.0,33.0
SKU036,2025-09-08,26,147862.0,30.0
SKU036,2025-09-15,35,199045.0,28.0
SKU036,2025-09-22,27,153549.0,32.0
SKU036,2025-09-29,33,187671.0,27.0
SKU036,2025-10-06,19,108053.0,35.0
SKU036,2025-10-13,19,108053.0,29.0
SKU036,2025-10-20,34,193358.0,21.0
SKU036,2025-10-27,29,164923.0,28.0
SKU036,2025-11-03,27,153549.0,33.0
SKU036,2025-11-10,30,170610.0,40.0
SKU036,2025-11-17,35,199045.0,33.0
SKU036,2025-11-24,31,176297.0,25.0
SKU036,2025-12-01,27,153549.0,26.0
SKU036,2025-12-08,31,176297.0,36.0
SKU036,2025-12-15,36,204732.0,25.0
SKU036,2025-12-22,30,170610.0,37.0
SKU036,2025-12-29,9,51183.0,22.0
SKU037,2024-01-01,168,461566.56,
SKU037,2024-01-08,160,439587.2,
SKU037,2024-01-15,169,464313.98,
SKU037,2024-01-22,185,508272.7,
SKU037,2024-01-29,155,425850.1,
SKU037,2024-02-05,171,469808.82,
SKU037,2024-02-12,189,519262.38,
SKU037,2024-02-19,188,516514.95999999996,
SKU037,2024-02-26,194,532999.48,
SKU037,2024-03-04,213,585200.46,
SKU037,2024-03-11,221,607179.82,
SKU037,2024-03-18,197,541241.74,
SKU037,2024-03-25,203,557726.26,
SKU037,2024-04-01,184,505525.28,
SKU037,2024-04-08,221,607179.8200000001,
SKU037,2024-04-15,196,538494.32,
SKU037,2024-04-22,183,502777.86,
SKU037,2024-04-29,204,560473.68,
SKU037,2024-05-06,194,532999.48,
SKU037,2024-05-13,198,543989.1599999999,
SKU037,2024-05-20,190,522009.8,
SKU037,2024-05-27,207,568715.94,
SKU037,2024-06-03,203,557726.26,
SKU037,2024-06-10,186,511020.12,
SKU037,2024-06-17,191,524757.22,
SKU037,2024-06-24,211,579705.62,
SKU037,2024-07-01,166,456071.72,
SKU037,2024-07-08,181,497283.02,
SKU037,2024-07-15,178,489040.76,
SKU037,2024-07-22,169,464313.98,
SKU037,2024-07-29,179,491788.18,
SKU037,2024-08-05,144,395628.48,
SKU037,2024-08-12,156,428597.52,
SKU037,2024-08-19,134,368154.28,
SKU037,2024-08-26,156,428597.52,
SKU037,2024-09-02,155,425850.1,
SKU037,2024-09-09,149,409365.58,
SKU037,2024-09-16,163,447829.46,
SKU037,2024-09-23,132,362659.44,
SKU037,2024-09-30,143,392881.06,
SKU037,2024-10-07,132,362659.44,
SKU037,2024-10-14,129,354417.18,
SKU037,2024-10-21,141,387386.22,
SKU037,2024-10-28,153,420355.26,
SKU037,2024-11-04,162,445082.04000000004,
SKU037,2024-11-11,161,442334.62,
SKU037,2024-11-18,147,403870.74,
SKU037,2024-11-25,133,365406.86,
SKU037,2024-12-02,171,469808.82,
SKU037,2024-12-09,173,475303.66000000003,
SKU037,2024-12-16,177,486293.33999999997,
SKU037,2024-12-23,137,376396.54000000004,
SKU037,2024-12-30,159,436839.78,168.0
SKU037,2025-01-06,156,428597.52,160.0
SKU037,2025-01-13,158,434092.36,169.0
SKU037,2025-01-20,163,447829.46,185.0
SKU037,2025-01-27,167,458819.14,155.0
SKU037,2025-02-03,181,497283.02,171.0
SKU037,2025-02-10,165,453324.3,189.0
SKU037,2025-02-17,181,497283.01999999996,188.0
SKU037,2025-02-24,220,604432.4,194.0
SKU037,2025-03-03,220,604432.4,213.0
SKU037,2025-03-10,206,565968.52,221.0
SKU037,2025-03-17,217,596190.14,197.0
SKU037,2025-03-24,231,634654.02,203.0
SKU037,2025-03-31,204,560473.6799999999,184.0
SKU037,2025-04-07,195,535746.9,221.0
SKU037,2025-04-14,189,519262.38,196.0
SKU037,2025-04-21,182,500030.44,183.0
SKU037,2025-04-28,225,618169.5,204.0
SKU037,2025-05-05,201,552231.4199999999,194.0
SKU037,2025-05-12,193,530252.06,198.0
SKU037,2025-05-19,199,546736.58,190.0
SKU037,2025-05-26,216,593442.72,207.0
SKU037,2025-06-02,212,582453.04,203.0
SKU037,2025-06-09,195,535746.9,186.0
SKU037,2025-06-16,200,549484.0,191.0
SKU037,2025-06-23,202,554978.84,211.0
SKU037,2025-06-30,188,516514.96,166.0
SKU037,2025-07-07,210,576958.2,181.0
SKU037,2025-07-14,182,500030.44,178.0
SKU037,2025-07-21,149,409365.57999999996,169.0
SKU037,2025-07-28,143,392881.06,179.0
SKU037,2025-08-04,162,445082.04,144.0
SKU037,2025-08-11,146,401123.32,156.0
SKU037,2025-08-18,170,467061.4,134.0
SKU037,2025-08-25,171,469808.82,156.0
SKU037,2025-09-01,133,365406.86,155.0
SKU037,2025-09-08,154,423102.68,149.0
SKU037,2025-09-15,165,453324.3,163.0
SKU037,2025-09-22,157,431344.94,132.0
SKU037,2025-09-29,140,384638.8,143.0
SKU037,2025-10-06,128,351669.76,132.0
SKU037,2025-10-13,147,403870.74,129.0
SKU037,2025-10-20,139,381891.38,141.0
SKU037,2025-10-27,154,423102.68,153.0
SKU037,2025-11-03,171,469808.82,162.0
SKU037,2025-11-10,150,412113.0,161.0
SKU037,2025-11-17,166,456071.72,147.0
SKU037,2025-11-24,144,395628.48,133.0
SKU037,2025-12-01,155,425850.10000000003,171.0
SKU037,2025-12-08,133,365406.86,173.0
SKU037,2025-12-15,139,381891.38,177.0
SKU037,2025-12-22,161,442334.62,137.0
SKU037,2025-12-29,59,162097.78,159.0
SKU038,2024-01-01,50,197455.0,
SKU038,2024-01-08,62,244844.2,
SKU038,2024-01-15,50,197455.0,
SKU038,2024-01-22,39,154014.9,
SKU038,2024-01-29,58,229047.8,
SKU038,2024-02-05,48,189556.8,
SKU038,2024-02-12,56,221149.6,
SKU038,2024-02-19,55,217200.5,
SKU038,2024-02-26,54,213251.4,
SKU038,2024-03-04,68,268538.8,
SKU038,2024-03-11,70,276437.0,
SKU038,2024-03-18,64,252742.4,
SKU038,2024-03-25,67,264589.7,
SKU038,2024-04-01,45,177709.5,
SKU038,2024-04-08,74,292233.4,
SKU038,2024-04-15,56,221149.6,
SKU038,2024-04-22,52,205353.2,
SKU038,2024-04-29,56,221149.6,
SKU038,2024-05-06,62,244844.19999999998,
SKU038,2024-05-13,66,260640.6,
SKU038,2024-05-20,54,213251.4,
SKU038,2024-05-27,67,264589.7,
SKU038,2024-06-03,63,248793.3,
SKU038,2024-06-10,65,256691.5,
SKU038,2024-06-17,50,197455.0,
SKU038,2024-06-24,74,292233.4,
SKU038,2024-07-01,52,205353.2,
SKU038,2024-07-08,46,181658.59999999998,
SKU038,2024-07-15,54,213251.4,
SKU038,2024-07-22,60,236946.0,
SKU038,2024-07-29,52,205353.2,
SKU038,2024-08-05,51,201404.09999999998,
SKU038,2024-08-12,51,201404.09999999998,
SKU038,2024-08-19,42,165862.2,
SKU038,2024-08-26,48,189556.8,
SKU038,2024-09-02,58,229047.8,
SKU038,2024-09-09,47,185607.7,
SKU038,2024-09-16,43,169811.3,
SKU038,2024-09-23,37,146116.7,
SKU038,2024-09-30,41,161913.1,
SKU038,2024-10-07,37,146116.7,
SKU038,2024-10-14,52,205353.2,
SKU038,2024-10-21,45,177709.5,
SKU038,2024-10-28,55,217200.5,
SKU038,2024-11-04,34,134269.4,
SKU038,2024-11-11,52,205353.2,
SKU038,2024-11-18,49,193505.9,
SKU038,2024-11-25,34,134269.4,
SKU038,2024-12-02,55,217200.5,
SKU038,2024-12-09,56,221149.6,
SKU038,2024-12-16,45,177709.5,
SKU038,2024-12-23,45,177709.5,
SKU038,2024-12-30,57,225098.7,50.0
SKU038,2025-01-06,48,189556.8,62.0
SKU038,2025-01-13,48,189556.8,50.0
SKU038,2025-01-20,42,165862.2,39.0
SKU038,2025-01-27,46,181658.6,58.0
SKU038,2025-02-03,47,185607.7,48.0
SKU038,2025-02-10,55,217200.5,56.0
SKU038,2025-02-17,61,240895.1,55.0
SKU038,2025-02-24,53,209302.3,54.0
SKU038,2025-03-03,59,232996.9,68.0
SKU038,2025-03-10,77,304080.7,70.0
SKU038,2025-03-17,65,256691.5,64.0
SKU038,2025-03-24,59,232996.9,67.0
SKU038,2025-03-31,73,288284.3,45.0
SKU038,2025-04-07,73,288284.3,74.0
SKU038,2025-04-14,71,280386.1,56.0
SKU038,2025-04-21,63,248793.3,52.0
SKU038,2025-04-28,51,201404.1,56.0
SKU038,2025-05-05,67,264589.7,62.0
SKU038,2025-05-12,62,244844.2,66.0
SKU038,2025-05-19,76,300131.6,54.0
SKU038,2025-05-26,60,236946.0,67.0
SKU038,2025-06-02,62,244844.2,63.0
SKU038,2025-06-09,58,229047.8,65.0
SKU038,2025-06-16,60,236946.0,50.0
SKU038,2025-06-23,75,296182.5,74.0
SKU038,2025-06-30,57,225098.69999999998,52.0
SKU038,2025-07-07,57,225098.7,46.0
SKU038,2025-07-14,59,232996.9,54.0
SKU038,2025-07-21,50,197455.0,60.0
SKU038,2025-07-28,45,177709.5,52.0
SKU038,2025-08-04,42,165862.2,51.0
SKU038,2025-08-11,60,236946.0,51.0
SKU038,2025-08-18,47,185607.7,42.0
SKU038,2025-08-25,49,193505.9,48.0
SKU038,2025-09-01,48,189556.8,58.0
SKU038,2025-09-08,47,185607.7,47.0
SKU038,2025-09-15,40,157964.0,43.0
SKU038,2025-09-22,49,193505.9,37.0
SKU038,2025-09-29,40,157964.0,41.0
SKU038,2025-10-06,48,189556.8,37.0
SKU038,2025-10-13,44,173760.4,52.0
SKU038,2025-10-20,44,173760.4,45.0
SKU038,2025-10-27,37,146116.69999999998,55.0
SKU038,2025-11-03,50,197455.0,34.0
SKU038,2025-11-10,48,189556.8,52.0
SKU038,2025-11-17,61,240895.1,49.0
SKU038,2025-11-24,61,240895.1,34.0
SKU038,2025-12-01,39,154014.9,55.0
SKU038,2025-12-08,49,193505.9,56.0
SKU038,2025-12-15,49,193505.9,45.0
SKU038,2025-12-22,56,221149.59999999998,45.0
SKU038,2025-12-29,31,122422.1,57.0
SKU039,2024-01-01,24,170854.8,
SKU039,2024-01-08,16,113903.2,
SKU039,2024-01-15,16,113903.2,
SKU039,2024-01-22,20,142379.0,
SKU039,2024-01-29,27,192211.65,
SKU039,2024-02-05,21,149497.95,
SKU039,2024-02-12,28,199330.59999999998,
SKU039,2024-02-19,30,213568.5,
SKU039,2024-02-26,25,177973.75,
SKU039,2024-03-04,24,170854.8,
SKU039,2024-03-11,34,242044.3,
SKU039,2024-03-18,27,192211.65,
SKU039,2024-03-25,22,156616.9,
SKU039,2024-04-01,30,213568.5,
SKU039,2024-04-08,31,220687.45,
SKU039,2024-04-15,17,121022.15,
SKU039,2024-04-22,29,206449.55,
SKU039,2024-04-29,21,149497.95,
SKU039,2024-05-06,29,206449.55,
SKU039,2024-05-13,27,192211.65,
SKU039,2024-05-20,25,177973.75,
SKU039,2024-05-27,27,192211.65,
SKU039,2024-06-03,25,177973.75,
SKU039,2024-06-10,24,170854.8,
SKU039,2024-06-17,25,177973.75,
SKU039,2024-06-24,21,149497.94999999998,
SKU039,2024-07-01,21,149497.94999999998,
SKU039,2024-07-08,18,128141.09999999999,
SKU039,2024-07-15,18,128141.09999999999,
SKU039,2024-07-22,16,113903.2,
SKU039,2024-07-29,15,106784.25,
SKU039,2024-08-05,16,113903.2,
SKU039,2024-08-12,24,170854.8,
SKU039,2024-08-19,29,206449.55,
SKU039,2024-08-26,16,113903.2,
SKU039,2024-09-02,26,185092.69999999998,
SKU039,2024-09-09,22,156616.9,
SKU039,2024-09-16,22,156616.9,
SKU039,2024-09-23,24,170854.8,
SKU039,2024-09-30,16,113903.2,
SKU039,2024-10-07,9,64070.55,
SKU039,2024-10-14,18,128141.1,
SKU039,2024-10-21,19,135260.05,
SKU039,2024-10-28,21,149497.95,
SKU039,2024-11-04,24,170854.8,
SKU039,2024-11-11,18,128141.09999999999,
SKU039,2024-11-18,24,170854.8,
SKU039,2024-11-25,11,78308.45,
SKU039,2024-12-02,14,99665.29999999999,
SKU039,2024-12-09,17,121022.15,
SKU039,2024-12-16,13,92546.35,
SKU039,2024-12-23,16,113903.2,
SKU039,2024-12-30,13,92546.34999999999,24.0
SKU039,2025-01-06,25,177973.75,16.0
SKU039,2025-01-13,25,177973.75,16.0
SKU039,2025-01-20,24,170854.8,20.0
SKU039,2025-01-27,25,177973.75,27.0
SKU039,2025-02-03,26,185092.7,21.0
SKU039,2025-02-10,29,206449.55,28.0
SKU039,2025-02-17,18,128141.09999999999,30.0
SKU039,2025-02-24,28,199330.6,25.0
SKU039,2025-03-03,31,220687.45,24.0
SKU039,2025-03-10,20,142379.0,34.0
SKU039,2025-03-17,23,163735.85,27.0
SKU039,2025-03-24,20,142379.0,22.0
SKU039,2025-03-31,27,192211.65,30.0
SKU039,2025-04-07,24,170854.8,31.0
SKU039,2025-04-14,24,170854.8,17.0
SKU039,2025-04-21,18,128141.09999999999,29.0
SKU039,2025-04-28,23,163735.85,21.0
SKU039,2025-05-05,33,234925.35,29.0
SKU039,2025-05-12,29,206449.55,27.0
SKU039,2025-05-19,24,170854.8,25.0
SKU039,2025-05-26,20,142379.0,27.0
SKU039,2025-06-02,26,185092.7,25.0
SKU039,2025-06-09,26,185092.69999999998,24.0
SKU039,2025-06-16,32,227806.4,25.0
SKU039,2025-06-23,31,220687.44999999998,21.0
SKU039,2025-06-30,19,135260.05,21.0
SKU039,2025-07-07,24,170854.8,18.0
SKU039,2025-07-14,18,128141.09999999999,18.0
SKU039,2025-07-21,34,242044.3,16.0
SKU039,2025-07-28,23,163735.85,15.0
SKU039,2025-08-04,23,163735.85,16.0
SKU039,2025-08-11,20,142379.0,24.0
SKU039,2025-08-18,18,128141.1,29.0
SKU039,2025-08-25,13,92546.34999999999,16.0
SKU039,2025-09-01,17,121022.15,26.0
SKU039,2025-09-08,20,142379.0,22.0
SKU039,2025-09-15,18,128141.09999999999,22.0
SKU039,2025-09-22,25,177973.75,24.0
SKU039,2025-09-29,26,185092.69999999998,16.0
SKU039,2025-10-06,17,121022.15,9.0
SKU039,2025-10-13,16,113903.2,18.0
SKU039,2025-10-20,19,135260.05,19.0
SKU039,2025-10-27,18,128141.09999999999,21.0
SKU039,2025-11-03,18,128141.09999999999,24.0
SKU039,2025-11-10,24,170854.8,18.0
SKU039,2025-11-17,18,128141.1,24.0
SKU039,2025-11-24,13,92546.35,11.0
SKU039,2025-12-01,23,163735.85,14.0
SKU039,2025-12-08,15,106784.25,17.0
SKU039,2025-12-15,12,85427.4,13.0
SKU039,2025-12-22,21,149497.94999999998,16.0
SKU039,2025-12-29,12,85427.4,13.0
SKU040,2024-01-01,104,254858.24,
SKU040,2024-01-08,116,284264.95999999996,
SKU040,2024-01-15,105,257308.8,
SKU040,2024-01-22,92,225451.52,
SKU040,2024-01-29,118,289166.08,
SKU040,2024-02-05,117,286715.51999999996,
SKU040,2024-02-12,122,298968.32,
SKU040,2024-02-19,110,269561.6,
SKU040,2024-02-26,137,335726.72,
SKU040,2024-03-04,114,279363.83999999997,
SKU040,2024-03-11,140,343078.4,
SKU040,2024-03-18,173,423946.88,
SKU040,2024-03-25,147,360232.32,
SKU040,2024-04-01,109,267111.04,
SKU040,2024-04-08,126,308770.56,
SKU040,2024-04-15,131,321023.36,
SKU040,2024-04-22,117,286715.52,
SKU040,2024-04-29,119,291616.64,
SKU040,2024-05-06,125,306320.0,
SKU040,2024-05-13,108,264660.48,
SKU040,2024-05-20,119,291616.64,
SKU040,2024-05-27,135,330825.6,
SKU040,2024-06-03,128,313671.68,
SKU040,2024-06-10,128,313671.68,
SKU040,2024-06-17,124,303869.44,
SKU040,2024-06-24,97,237704.32,
SKU040,2024-07-01,103,252407.68,
SKU040,2024-07-08,116,284264.96,
SKU040,2024-07-15,102,249957.12,
SKU040,2024-07-22,109,267111.04,
SKU040,2024-07-29,109,267111.04,
SKU040,2024-08-05,103,252407.68,
SKU040,2024-08-12,109,267111.04,
SKU040,2024-08-19,110,269561.6,
SKU040,2024-08-26,85,208297.6,
SKU040,2024-09-02,94,230352.64,
SKU040,2024-09-09,109,267111.04,
SKU040,2024-09-16,89,218099.84,
SKU040,2024-09-23,84,205847.04,
SKU040,2024-09-30,91,223000.96,
SKU040,2024-10-07,93,227902.08,
SKU040,2024-10-14,96,235253.76,
SKU040,2024-10-21,92,225451.52,
SKU040,2024-10-28,89,218099.84,
SKU040,2024-11-04,114,279363.83999999997,
SKU040,2024-11-11,101,247506.56,
SKU040,2024-11-18,92,225451.52,
SKU040,2024-11-25,92,225451.52,
SKU040,2024-12-02,97,237704.32,
SKU040,2024-12-09,90,220550.4,
SKU040,2024-12-16,99,242605.44,
SKU040,2024-12-23,103,252407.68,
SKU040,2024-12-30,101,247506.56,104.0
SKU040,2025-01-06,115,281814.4,116.0
SKU040,2025-01-13,112,274462.72,105.0
SKU040,2025-01-20,101,247506.56,92.0
SKU040,2025-01-27,110,269561.6,118.0
SKU040,2025-02-03,102,249957.12,117.0
SKU040,2025-02-10,125,306320.0,122.0
SKU040,2025-02-17,111,272012.16000000003,110.0
SKU040,2025-02-24,136,333276.16,137.0
SKU040,2025-03-03,126,308770.56,114.0
SKU040,2025-03-10,146,357781.76,140.0
SKU040,2025-03-17,151,370034.56,173.0
SKU040,2025-03-24,120,294067.2,147.0
SKU040,2025-03-31,135,330825.6,109.0
SKU040,2025-04-07,122,298968.32,126.0
SKU040,2025-04-14,116,284264.95999999996,131.0
SKU040,2025-04-21,100,245056.0,117.0
SKU040,2025-04-28,136,333276.16,119.0
SKU040,2025-05-05,129,316122.24,125.0
SKU040,2025-05-12,122,298968.32,108.0
SKU040,2025-05-19,123,301418.88,119.0
SKU040,2025-05-26,134,328375.04,135.0
SKU040,2025-06-02,124,303869.44,128.0
SKU040,2025-06-09,113,276913.28,128.0
SKU040,2025-06-16,125,306320.0,124.0
SKU040,2025-06-23,119,291616.64,97.0
SKU040,2025-06-30,117,286715.52,103.0
SKU040,2025-07-07,106,259759.36,116.0
SKU040,2025-07-14,99,242605.44,102.0
SKU040,2025-07-21,97,237704.32,109.0
SKU040,2025-07-28,108,264660.48,109.0
SKU040,2025-08-04,90,220550.4,103.0
SKU040,2025-08-11,92,225451.52000000002,109.0
SKU040,2025-08-18,110,269561.6,110.0
SKU040,2025-08-25,99,242605.44,85.0
SKU040,2025-09-01,105,257308.8,94.0
SKU040,2025-09-08,106,259759.36,109.0
SKU040,2025-09-15,109,267111.04,89.0
SKU040,2025-09-22,87,213198.72,84.0
SKU040,2025-09-29,76,186242.56,91.0
SKU040,2025-10-06,82,200945.91999999998,93.0
SKU040,2025-10-13,81,198495.36,96.0
SKU040,2025-10-20,91,223000.96,92.0
SKU040,2025-10-27,103,252407.68,89.0
SKU040,2025-11-03,89,218099.84,114.0
SKU040,2025-11-10,98,240154.88,101.0
SKU040,2025-11-17,86,210748.15999999997,92.0
SKU040,2025-11-24,76,186242.56,92.0
SKU040,2025-12-01,103,252407.68,97.0
SKU040,2025-12-08,101,247506.56,90.0
SKU040,2025-12-15,93,227902.08,99.0
SKU040,2025-12-22,76,186242.56,103.0
SKU040,2025-12-29,32,78417.92,101.0
SKU041,2024-01-01,73,754581.29,
SKU041,2024-01-08,80,826938.3999999999,
SKU041,2024-01-15,66,682224.18,
SKU041,2024-01-22,82,847611.86,
SKU041,2024-01-29,83,857948.59,
SKU041,2024-02-05,76,785591.48,
SKU041,2024-02-12,77,795928.21,
SKU041,2024-02-19,72,744244.5599999999,
SKU041,2024-02-26,94,971652.62,
SKU041,2024-03-04,91,940642.43,
SKU041,2024-03-11,101,1044009.73,
SKU041,2024-03-18,110,1137040.3,
SKU041,2024-03-25,115,1188723.95,
SKU041,2024-04-01,95,981989.35,
SKU041,2024-04-08,78,806264.94,
SKU041,2024-04-15,99,1023336.27,
SKU041,2024-04-22,73,754581.29,
SKU041,2024-04-29,98,1012999.54,
SKU041,2024-05-06,101,1044009.73,
SKU041,2024-05-13,78,806264.94,
SKU041,2024-05-20,79,816601.67,
SKU041,2024-05-27,100,1033673.0,
SKU041,2024-06-03,89,919968.97,
SKU041,2024-06-10,90,930305.7000000001,
SKU041,2024-06-17,89,919968.97,
SKU041,2024-06-24,88,909632.24,
SKU041,2024-07-01,62,640877.26,
SKU041,2024-07-08,63,651213.99,
SKU041,2024-07-15,70,723571.1,
SKU041,2024-07-22,66,682224.1799999999,
SKU041,2024-07-29,71,733907.83,
SKU041,2024-08-05,71,733907.8300000001,
SKU041,2024-08-12,71,733907.83,
SKU041,2024-08-19,67,692560.9099999999,
SKU041,2024-08-26,77,795928.21,
SKU041,2024-09-02,63,651213.99,
SKU041,2024-09-09,66,682224.1799999999,
SKU041,2024-09-16,74,764918.02,
SKU041,2024-09-23,62,640877.26,
SKU041,2024-09-30,62,640877.26,
SKU041,2024-10-07,82,847611.86,
SKU041,2024-10-14,63,651213.99,
SKU041,2024-10-21,63,651213.99,
SKU041,2024-10-28,66,682224.1799999999,
SKU041,2024-11-04,75,775254.75,
SKU041,2024-11-11,65,671887.45,
SKU041,2024-11-18,62,640877.26,
SKU041,2024-11-25,66,682224.18,
SKU041,2024-12-02,75,775254.75,
SKU041,2024-12-09,54,558183.42,
SKU041,2024-12-16,79,816601.67,
SKU041,2024-12-23,80,826938.4,
SKU041,2024-12-30,74,764918.02,73.0
SKU041,2025-01-06,98,1012999.54,80.0
SKU041,2025-01-13,74,764918.02,66.0
SKU041,2025-01-20,72,744244.56,82.0
SKU041,2025-01-27,80,826938.3999999999,83.0
SKU041,2025-02-03,77,795928.21,76.0
SKU041,2025-02-10,76,785591.48,77.0
SKU041,2025-02-17,96,992326.0800000001,72.0
SKU041,2025-02-24,99,1023336.27,94.0
SKU041,2025-03-03,101,1044009.73,91.0
SKU041,2025-03-10,101,1044009.73,101.0
SKU041,2025-03-17,90,930305.7,110.0
SKU041,2025-03-24,105,1085356.65,115.0
SKU041,2025-03-31,93,961315.89,95.0
SKU041,2025-04-07,96,992326.08,78.0
SKU041,2025-04-14,91,940642.4299999999,99.0
SKU041,2025-04-21,97,1002662.81,73.0
SKU041,2025-04-28,99,1023336.27,98.0
SKU041,2025-05-05,67,692560.91,101.0
SKU041,2025-05-12,89,919968.97,78.0
SKU041,2025-05-19,79,816601.67,79.0
SKU041,2025-05-26,81,837275.13,100.0
SKU041,2025-06-02,93,961315.89,89.0
SKU041,2025-06-09,98,1012999.54,90.0
SKU041,2025-06-16,78,806264.94,89.0
SKU041,2025-06-23,72,744244.56,88.0
SKU041,2025-06-30,79,816601.6699999999,62.0
SKU041,2025-07-07,73,754581.29,63.0
SKU041,2025-07-14,93,961315.89,70.0
SKU041,2025-07-21,69,713234.37,66.0
SKU041,2025-07-28,63,651213.99,71.0
SKU041,2025-08-04,72,744244.56,71.0
SKU041,2025-08-11,81,837275.13,71.0
SKU041,2025-08-18,66,682224.1799999999,67.0
SKU041,2025-08-25,80,826938.4,77.0
SKU041,2025-09-01,72,744244.56,63.0
SKU041,2025-09-08,58,599530.34,66.0
SKU041,2025-09-15,66,682224.1799999999,74.0
SKU041,2025-09-22,62,640877.26,62.0
SKU041,2025-09-29,67,692560.9099999999,62.0
SKU041,2025-10-06,54,558183.42,82.0
SKU041,2025-10-13,62,640877.26,63.0
SKU041,2025-10-20,52,537509.96,63.0
SKU041,2025-10-27,67,692560.91,66.0
SKU041,2025-11-03,79,816601.67,75.0
SKU041,2025-11-10,65,671887.45,65.0
SKU041,2025-11-17,52,537509.96,62.0
SKU041,2025-11-24,83,857948.59,66.0
SKU041,2025-12-01,78,806264.94,75.0
SKU041,2025-12-08,66,682224.18,54.0
SKU041,2025-12-15,71,733907.8300000001,79.0
SKU041,2025-12-22,70,723571.1,80.0
SKU041,2025-12-29,25,258418.25,74.0
SKU042,2024-01-01,166,1527005.78,
SKU042,2024-01-08,157,1444216.31,
SKU042,2024-01-15,136,1251040.88,
SKU042,2024-01-22,155,1425818.65,
SKU042,2024-01-29,157,1444216.31,
SKU042,2024-02-05,165,1517806.95,
SKU042,2024-02-12,148,1361426.84,
SKU042,2024-02-19,162,1490210.46,
SKU042,2024-02-26,208,1913356.6400000001,
SKU042,2024-03-04,182,1674187.06,
SKU042,2024-03-11,181,1664988.23,
SKU042,2024-03-18,189,1738578.87,
SKU042,2024-03-25,196,1802970.68,
SKU042,2024-04-01,193,1775374.19,
SKU042,2024-04-08,194,1784573.02,
SKU042,2024-04-15,163,1499409.29,
SKU042,2024-04-22,199,1830567.17,
SKU042,2024-04-29,201,1848964.83,
SKU042,2024-05-06,166,1527005.78,
SKU042,2024-05-13,191,1756976.53,
SKU042,2024-05-20,172,1582198.76,
SKU042,2024-05-27,212,1950151.96,
SKU042,2024-06-03,158,1453415.1400000001,
SKU042,2024-06-10,195,1793771.85,
SKU042,2024-06-17,184,1692584.72,
SKU042,2024-06-24,159,1462613.97,
SKU042,2024-07-01,142,1306233.86,
SKU042,2024-07-08,145,1333830.35,
SKU042,2024-07-15,147,1352228.01,
SKU042,2024-07-22,158,1453415.1400000001,
SKU042,2024-07-29,143,1315432.69,
SKU042,2024-08-05,139,1278637.37,
SKU042,2024-08-12,141,1297035.03,
SKU042,2024-08-19,126,1159052.58,
SKU042,2024-08-26,147,1352228.01,
SKU042,2024-09-02,147,1352228.01,
SKU042,2024-09-09,126,1159052.58,
SKU042,2024-09-16,147,1352228.01,
SKU042,2024-09-23,133,1223444.39,
SKU042,2024-09-30,120,1103859.6,
SKU042,2024-10-07,125,1149853.75,
SKU042,2024-10-14,131,1205046.73,
SKU042,2024-10-21,114,1048666.62,
SKU042,2024-10-28,136,1251040.88,
SKU042,2024-11-04,121,1113058.43,
SKU042,2024-11-11,148,1361426.84,
SKU042,2024-11-18,138,1269438.54,
SKU042,2024-11-25,133,1223444.3900000001,
SKU042,2024-12-02,159,1462613.97,
SKU042,2024-12-09,132,1214245.56,
SKU042,2024-12-16,122,1122257.26,
SKU042,2024-12-23,158,1453415.14,
SKU042,2024-12-30,157,1444216.31,166.0
SKU042,2025-01-06,137,1260239.71,157.0
SKU042,2025-01-13,155,1425818.65,136.0
SKU042,2025-01-20,149,1370625.67,155.0
SKU042,2025-01-27,162,1490210.46,157.0
SKU042,2025-02-03,151,1389023.33,165.0
SKU042,2025-02-10,179,1646590.57,148.0
SKU042,2025-02-17,165,1517806.95,162.0
SKU042,2025-02-24,175,1609795.25,208.0
SKU042,2025-03-03,193,1775374.19,182.0
SKU042,2025-03-10,194,1784573.02,181.0
SKU042,2025-03-17,182,1674187.06,189.0
SKU042,2025-03-24,183,1683385.8900000001,196.0
SKU042,2025-03-31,201,1848964.83,193.0
SKU042,2025-04-07,168,1545403.44,194.0
SKU042,2025-04-14,174,1600596.42,163.0
SKU042,2025-04-21,180,1655789.4,199.0
SKU042,2025-04-28,194,1784573.02,201.0
SKU042,2025-05-05,192,1766175.3599999999,166.0
SKU042,2025-05-12,202,1858163.66,191.0
SKU042,2025-05-19,180,1655789.4,172.0
SKU042,2025-05-26,172,1582198.76,212.0
SKU042,2025-06-02,199,1830567.17,158.0
SKU042,2025-06-09,181,1664988.23,195.0
SKU042,2025-06-16,179,1646590.5699999998,184.0
SKU042,2025-06-23,197,1812169.5099999998,159.0
SKU042,2025-06-30,163,1499409.29,142.0
SKU042,2025-07-07,158,1453415.1400000001,145.0
SKU042,2025-07-14,161,1481011.63,147.0
SKU042,2025-07-21,157,1444216.31,158.0
SKU042,2025-07-28,167,1536204.61,143.0
SKU042,2025-08-04,141,1297035.03,139.0
SKU042,2025-08-11,142,1306233.8599999999,141.0
SKU042,2025-08-18,154,1416619.8199999998,126.0
SKU042,2025-08-25,162,1490210.46,147.0
SKU042,2025-09-01,146,1343029.18,147.0
SKU042,2025-09-08,149,1370625.67,126.0
SKU042,2025-09-15,169,1554602.27,147.0
SKU042,2025-09-22,123,1131456.09,133.0
SKU042,2025-09-29,132,1214245.56,120.0
SKU042,2025-10-06,137,1260239.71,125.0
SKU042,2025-10-13,138,1269438.54,131.0
SKU042,2025-10-20,117,1076263.1099999999,114.0
SKU042,2025-10-27,134,1232643.22,136.0
SKU042,2025-11-03,141,1297035.03,121.0
SKU042,2025-11-10,132,1214245.56,148.0
SKU042,2025-11-17,124,1140654.92,138.0
SKU042,2025-11-24,142,1306233.8599999999,133.0
SKU042,2025-12-01,156,1435017.48,159.0
SKU042,2025-12-08,125,1149853.75,132.0
SKU042,2025-12-15,173,1591397.5899999999,122.0
SKU042,2025-12-22,148,1361426.8399999999,158.0
SKU042,2025-12-29,57,524333.3099999999,157.0
SKU043,2024-01-01,157,1373085.8900000001,
SKU043,2024-01-08,141,1233153.57,
SKU043,2024-01-15,140,1224407.8,
SKU043,2024-01-22,166,1451797.82,
SKU043,2024-01-29,173,1513018.21,
SKU043,2024-02-05,177,1548001.29,
SKU043,2024-02-12,152,1329357.04,
SKU043,2024-02-19,168,1469289.36,
SKU043,2024-02-26,182,1591730.1400000001,
SKU043,2024-03-04,175,1530509.75,
SKU043,2024-03-11,175,1530509.75,
SKU043,2024-03-18,171,1495526.67,
SKU043,2024-03-25,177,1548001.29,
SKU043,2024-04-01,172,1504272.44,
SKU043,2024-04-08,170,1486780.9,
SKU043,2024-04-15,187,1635458.99,
SKU043,2024-04-22,192,1679187.8399999999,
SKU043,2024-04-29,174,1521763.98,
SKU043,2024-05-06,179,1565492.83,
SKU043,2024-05-13,181,1582984.3699999999,
SKU043,2024-05-20,178,1556747.06,
SKU043,2024-05-27,191,1670442.07,
SKU043,2024-06-03,169,1478035.13,
SKU043,2024-06-10,179,1565492.83,
SKU043,2024-06-17,169,1478035.13,
SKU043,2024-06-24,172,1504272.44,
SKU043,2024-07-01,136,1189424.72,
SKU043,2024-07-08,172,1504272.44,
SKU043,2024-07-15,141,1233153.57,
SKU043,2024-07-22,160,1399323.2,
SKU043,2024-07-29,160,1399323.2,
SKU043,2024-08-05,123,1075729.71,
SKU043,2024-08-12,136,1189424.72,
SKU043,2024-08-19,123,1075729.71,
SKU043,2024-08-26,140,1224407.8,
SKU043,2024-09-02,148,1294373.96,
SKU043,2024-09-09,124,1084475.48,
SKU043,2024-09-16,136,1189424.72,
SKU043,2024-09-23,140,1224407.8,
SKU043,2024-09-30,130,1136950.1,
SKU043,2024-10-07,113,988272.01,
SKU043,2024-10-14,121,1058238.17,
SKU043,2024-10-21,132,1154441.6400000001,
SKU043,2024-10-28,130,1136950.0999999999,
SKU043,2024-11-04,128,1119458.56,
SKU043,2024-11-11,140,1224407.8,
SKU043,2024-11-18,142,1241899.3399999999,
SKU043,2024-11-25,127,1110712.79,
SKU043,2024-12-02,147,1285628.19,
SKU043,2024-12-09,133,1163187.41,
SKU043,2024-12-16,133,1163187.41,
SKU043,2024-12-23,131,1145695.8699999999,
SKU043,2024-12-30,169,1478035.1300000001,157.0
SKU043,2025-01-06,166,1451797.82,141.0
SKU043,2025-01-13,157,1373085.89,140.0
SKU043,2025-01-20,155,1355594.3499999999,166.0
SKU043,2025-01-27,161,1408068.97,173.0
SKU043,2025-02-03,191,1670442.07,177.0
SKU043,2025-02-10,168,1469289.3599999999,152.0
SKU043,2025-02-17,153,1338102.81,168.0
SKU043,2025-02-24,193,1687933.6099999999,182.0
SKU043,2025-03-03,186,1626713.22,175.0
SKU043,2025-03-10,184,1609221.68,175.0
SKU043,2025-03-17,191,1670442.07,171.0
SKU043,2025-03-24,200,1749154.0,177.0
SKU043,2025-03-31,188,1644204.76,172.0
SKU043,2025-04-07,176,1539255.52,170.0
SKU043,2025-04-14,184,1609221.6800000002,187.0
SKU043,2025-04-21,176,1539255.52,192.0
SKU043,2025-04-28,179,1565492.83,174.0
SKU043,2025-05-05,165,1443052.05,179.0
SKU043,2025-05-12,170,1486780.9,181.0
SKU043,2025-05-19,184,1609221.68,178.0
SKU043,2025-05-26,192,1679187.84,191.0
SKU043,2025-06-02,194,1696679.38,169.0
SKU043,2025-06-09,178,1556747.06,179.0
SKU043,2025-06-16,180,1574238.6,169.0
SKU043,2025-06-23,179,1565492.83,172.0
SKU043,2025-06-30,155,1355594.35,136.0
SKU043,2025-07-07,161,1408068.97,172.0
SKU043,2025-07-14,161,1408068.97,141.0
SKU043,2025-07-21,132,1154441.64,160.0
SKU043,2025-07-28,149,1303119.73,160.0
SKU043,2025-08-04,156,1364340.12,123.0
SKU043,2025-08-11,142,1241899.34,136.0
SKU043,2025-08-18,130,1136950.1,123.0
SKU043,2025-08-25,139,1215662.03,140.0
SKU043,2025-09-01,133,1163187.4100000001,148.0
SKU043,2025-09-08,143,1250645.1099999999,124.0
SKU043,2025-09-15,143,1250645.1099999999,136.0
SKU043,2025-09-22,121,1058238.17,140.0
SKU043,2025-09-29,115,1005763.55,130.0
SKU043,2025-10-06,125,1093221.25,113.0
SKU043,2025-10-13,123,1075729.71,121.0
SKU043,2025-10-20,117,1023255.09,132.0
SKU043,2025-10-27,147,1285628.19,130.0
SKU043,2025-11-03,148,1294373.96,128.0
SKU043,2025-11-10,145,1268136.65,140.0
SKU043,2025-11-17,144,1259390.88,142.0
SKU043,2025-11-24,113,988272.01,127.0
SKU043,2025-12-01,127,1110712.79,147.0
SKU043,2025-12-08,142,1241899.34,133.0
SKU043,2025-12-15,132,1154441.6400000001,133.0
SKU043,2025-12-22,126,1101967.02,131.0
SKU043,2025-12-29,75,655932.75,169.0
SKU044,2024-01-01,66,357210.48,
SKU044,2024-01-08,83,449219.24,
SKU044,2024-01-15,71,384271.88,
SKU044,2024-01-22,64,346385.92,
SKU044,2024-01-29,76,411333.28,
SKU044,2024-02-05,65,351798.2,
SKU044,2024-02-12,77,416745.56,
SKU044,2024-02-19,70,378859.6,
SKU044,2024-02-26,89,481692.92,
SKU044,2024-03-04,69,373447.32,
SKU044,2024-03-11,94,508754.32,
SKU044,2024-03-18,78,422157.83999999997,
SKU044,2024-03-25,88,476280.64,
SKU044,2024-04-01,81,438394.68,
SKU044,2024-04-08,76,411333.28,
SKU044,2024-04-15,77,416745.56,
SKU044,2024-04-22,84,454631.52,
SKU044,2024-04-29,79,427570.12,
SKU044,2024-05-06,84,454631.51999999996,
SKU044,2024-05-13,70,378859.6,
SKU044,2024-05-20,77,416745.56,
SKU044,2024-05-27,85,460043.8,
SKU044,2024-06-03,78,422157.83999999997,
SKU044,2024-06-10,81,438394.68,
SKU044,2024-06-17,77,416745.56,
SKU044,2024-06-24,90,487105.2,
SKU044,2024-07-01,71,384271.88,
SKU044,2024-07-08,71,384271.88,
SKU044,2024-07-15,78,422157.83999999997,
SKU044,2024-07-22,78,422157.83999999997,
SKU044,2024-07-29,66,357210.48,
SKU044,2024-08-05,60,324736.8,
SKU044,2024-08-12,76,411333.28,
SKU044,2024-08-19,55,297675.39999999997,
SKU044,2024-08-26,70,378859.6,
SKU044,2024-09-02,60,324736.8,
SKU044,2024-09-09,63,340973.64,
SKU044,2024-09-16,56,303087.68,
SKU044,2024-09-23,68,368035.04,
SKU044,2024-09-30,48,259789.44,
SKU044,2024-10-07,57,308499.95999999996,
SKU044,2024-10-14,61,330149.08,
SKU044,2024-10-21,57,308499.96,
SKU044,2024-10-28,59,319324.52,
SKU044,2024-11-04,48,259789.44,
SKU044,2024-11-11,54,292263.12,
SKU044,2024-11-18,44,238140.32,
SKU044,2024-11-25,59,319324.52,
SKU044,2024-12-02,50,270614.0,
SKU044,2024-12-09,54,292263.12,
SKU044,2024-12-16,52,281438.56,
SKU044,2024-12-23,60,324736.8,
SKU044,2024-12-30,63,340973.64,66.0
SKU044,2025-01-06,76,411333.27999999997,83.0
SKU044,2025-01-13,81,438394.68,71.0
SKU044,2025-01-20,71,384271.88,64.0
SKU044,2025-01-27,67,362622.76,76.0
SKU044,2025-02-03,69,373447.32,65.0
SKU044,2025-02-10,66,357210.48,77.0
SKU044,2025-02-17,67,362622.76,70.0
SKU044,2025-02-24,75,405921.0,89.0
SKU044,2025-03-03,90,487105.2,69.0
SKU044,2025-03-10,88,476280.64,94.0
SKU044,2025-03-17,85,460043.8,78.0
SKU044,2025-03-24,76,411333.27999999997,88.0
SKU044,2025-03-31,85,460043.8,81.0
SKU044,2025-04-07,67,362622.76,76.0
SKU044,2025-04-14,84,454631.51999999996,77.0
SKU044,2025-04-21,77,416745.56,84.0
SKU044,2025-04-28,74,400508.72,79.0
SKU044,2025-05-05,81,438394.68,84.0
SKU044,2025-05-12,88,476280.64,70.0
SKU044,2025-05-19,72,389684.16000000003,77.0
SKU044,2025-05-26,89,481692.92,85.0
SKU044,2025-06-02,73,395096.44,78.0
SKU044,2025-06-09,88,476280.64,81.0
SKU044,2025-06-16,71,384271.88,77.0
SKU044,2025-06-23,62,335561.36,90.0
SKU044,2025-06-30,61,330149.08,71.0
SKU044,2025-07-07,79,427570.12,71.0
SKU044,2025-07-14,72,389684.16,78.0
SKU044,2025-07-21,69,373447.32,78.0
SKU044,2025-07-28,65,351798.2,66.0
SKU044,2025-08-04,66,357210.48,60.0
SKU044,2025-08-11,61,330149.08,76.0
SKU044,2025-08-18,70,378859.6,55.0
SKU044,2025-08-25,51,276026.28,70.0
SKU044,2025-09-01,56,303087.68,60.0
SKU044,2025-09-08,61,330149.08,63.0
SKU044,2025-09-15,47,254377.15999999997,56.0
SKU044,2025-09-22,66,357210.48,68.0
SKU044,2025-09-29,50,270614.0,48.0
SKU044,2025-10-06,49,265201.72,57.0
SKU044,2025-10-13,56,303087.68,61.0
SKU044,2025-10-20,53,286850.83999999997,57.0
SKU044,2025-10-27,60,324736.8,59.0
SKU044,2025-11-03,58,313912.24,48.0
SKU044,2025-11-10,53,286850.83999999997,54.0
SKU044,2025-11-17,46,248964.88,44.0
SKU044,2025-11-24,57,308499.96,59.0
SKU044,2025-12-01,52,281438.56,50.0
SKU044,2025-12-08,57,308499.96,54.0
SKU044,2025-12-15,61,330149.08,52.0
SKU044,2025-12-22,61,330149.08,60.0
SKU044,2025-12-29,19,102833.32,63.0
SKU045,2024-01-01,170,1305052.6,
SKU045,2024-01-08,157,1205254.46,
SKU045,2024-01-15,160,1228284.8,
SKU045,2024-01-22,169,1297375.82,
SKU045,2024-01-29,191,1466264.98,
SKU045,2024-02-05,204,1566063.12,
SKU045,2024-02-12,189,1450911.42,
SKU045,2024-02-19,181,1389497.18,
SKU045,2024-02-26,223,1711921.94,
SKU045,2024-03-04,212,1627477.36,
SKU045,2024-03-11,200,1535356.0,
SKU045,2024-03-18,223,1711921.94,
SKU045,2024-03-25,218,1673538.04,
SKU045,2024-04-01,186,1427881.08,
SKU045,2024-04-08,219,1681214.82,
SKU045,2024-04-15,212,1627477.3599999999,
SKU045,2024-04-22,213,1635154.14,
SKU045,2024-04-29,209,1604447.02,
SKU045,2024-05-06,198,1520002.44,
SKU045,2024-05-13,213,1635154.14,
SKU045,2024-05-20,187,1435557.8599999999,
SKU045,2024-05-27,230,1765659.4,
SKU045,2024-06-03,213,1635154.14,
SKU045,2024-06-10,239,1834750.42,
SKU045,2024-06-17,217,1665861.26,
SKU045,2024-06-24,204,1566063.12,
SKU045,2024-07-01,177,1358790.06,
SKU045,2024-07-08,150,1151517.0,
SKU045,2024-07-15,157,1205254.46,
SKU045,2024-07-22,181,1389497.18,
SKU045,2024-07-29,172,1320406.16,
SKU045,2024-08-05,169,1297375.82,
SKU045,2024-08-12,197,1512325.66,
SKU045,2024-08-19,130,997981.4,
SKU045,2024-08-26,158,1212931.24,
SKU045,2024-09-02,159,1220608.02,
SKU045,2024-09-09,154,1182224.12,
SKU045,2024-09-16,152,1166870.56,
SKU045,2024-09-23,178,1366466.84,
SKU045,2024-09-30,139,1067072.42,
SKU045,2024-10-07,131,1005658.1799999999,
SKU045,2024-10-14,142,1090102.76,
SKU045,2024-10-21,173,1328082.94,
SKU045,2024-10-28,145,1113133.1,
SKU045,2024-11-04,143,1097779.54,
SKU045,2024-11-11,170,1305052.6,
SKU045,2024-11-18,162,1243638.3599999999,
SKU045,2024-11-25,161,1235961.58,
SKU045,2024-12-02,151,1159193.78,
SKU045,2024-12-09,149,1143840.22,
SKU045,2024-12-16,159,1220608.02,
SKU045,2024-12-23,190,1458588.2,
SKU045,2024-12-30,162,1243638.3599999999,170.0
SKU045,2025-01-06,169,1297375.82,157.0
SKU045,2025-01-13,145,1113133.1,160.0
SKU045,2025-01-20,184,1412527.52,169.0
SKU045,2025-01-27,184,1412527.52,191.0
SKU045,2025-02-03,179,1374143.62,204.0
SKU045,2025-02-10,202,1550709.56,189.0
SKU045,2025-02-17,202,1550709.56,181.0
SKU045,2025-02-24,218,1673538.04,223.0
SKU045,2025-03-03,240,1842427.2,212.0
SKU045,2025-03-10,226,1734952.28,200.0
SKU045,2025-03-17,223,1711921.94,223.0
SKU045,2025-03-24,211,1619800.58,218.0
SKU045,2025-03-31,205,1573739.9,186.0
SKU045,2025-04-07,233,1788689.74,219.0
SKU045,2025-04-14,216,1658184.48,212.0
SKU045,2025-04-21,186,1427881.08,213.0
SKU045,2025-04-28,186,1427881.08,209.0
SKU045,2025-05-05,192,1473941.76,198.0
SKU045,2025-05-12,209,1604447.02,213.0
SKU045,2025-05-19,199,1527679.22,187.0
SKU045,2025-05-26,231,1773336.18,230.0
SKU045,2025-06-02,200,1535356.0,213.0
SKU045,2025-06-09,221,1696568.38,239.0
SKU045,2025-06-16,177,1358790.06,217.0
SKU045,2025-06-23,207,1589093.46,204.0
SKU045,2025-06-30,160,1228284.8,177.0
SKU045,2025-07-07,156,1197577.68,150.0
SKU045,2025-07-14,187,1435557.8599999999,157.0
SKU045,2025-07-21,170,1305052.6,181.0
SKU045,2025-07-28,149,1143840.22,172.0
SKU045,2025-08-04,151,1159193.78,169.0
SKU045,2025-08-11,155,1189900.9,197.0
SKU045,2025-08-18,159,1220608.02,130.0
SKU045,2025-08-25,138,1059395.6400000001,158.0
SKU045,2025-09-01,163,1251315.1400000001,159.0
SKU045,2025-09-08,171,1312729.38,154.0
SKU045,2025-09-15,147,1128486.66,152.0
SKU045,2025-09-22,162,1243638.3599999999,178.0
SKU045,2025-09-29,142,1090102.76,139.0
SKU045,2025-10-06,123,944243.9400000001,131.0
SKU045,2025-10-13,120,921213.6,142.0
SKU045,2025-10-20,143,1097779.54,173.0
SKU045,2025-10-27,143,1097779.54,145.0
SKU045,2025-11-03,154,1182224.12,143.0
SKU045,2025-11-10,150,1151517.0,170.0
SKU045,2025-11-17,155,1189900.9,162.0
SKU045,2025-11-24,164,1258991.92,161.0
SKU045,2025-12-01,166,1274345.48,151.0
SKU045,2025-12-08,152,1166870.56,149.0
SKU045,2025-12-15,123,944243.9400000001,159.0
SKU045,2025-12-22,157,1205254.46,190.0
SKU045,2025-12-29,59,452930.02,162.0
SKU046,2024-01-01,63,452059.02,
SKU046,2024-01-08,45,322899.3,
SKU046,2024-01-15,52,373128.07999999996,
SKU046,2024-01-22,50,358777.0,
SKU046,2024-01-29,73,523814.42,
SKU046,2024-02-05,69,495112.26,
SKU046,2024-02-12,73,523814.42000000004,
SKU046,2024-02-19,66,473585.63999999996,
SKU046,2024-02-26,69,495112.26,
SKU046,2024-03-04,90,645798.6,
SKU046,2024-03-11,93,667325.22,
SKU046,2024-03-18,86,617096.44,
SKU046,2024-03-25,80,574043.2,
SKU046,2024-04-01,75,538165.5,
SKU046,2024-04-08,68,487936.72,
SKU046,2024-04-15,72,516638.88,
SKU046,2024-04-22,87,624271.98,
SKU046,2024-04-29,70,502287.8,
SKU046,2024-05-06,73,523814.42,
SKU046,2024-05-13,78,559692.12,
SKU046,2024-05-20,76,545341.04,
SKU046,2024-05-27,80,574043.2,
SKU046,2024-06-03,67,480761.18,
SKU046,2024-06-10,76,545341.04,
SKU046,2024-06-17,64,459234.56,
SKU046,2024-06-24,65,466410.1,
SKU046,2024-07-01,63,452059.02,
SKU046,2024-07-08,58,416181.32,
SKU046,2024-07-15,60,430532.4,
SKU046,2024-07-22,69,495112.26,
SKU046,2024-07-29,62,444883.48,
SKU046,2024-08-05,73,523814.42,
SKU046,2024-08-12,59,423356.86,
SKU046,2024-08-19,60,430532.39999999997,
SKU046,2024-08-26,55,394654.69999999995,
SKU046,2024-09-02,60,430532.4,
SKU046,2024-09-09,56,401830.24,
SKU046,2024-09-16,54,387479.16,
SKU046,2024-09-23,56,401830.24,
SKU046,2024-09-30,54,387479.16,
SKU046,2024-10-07,60,430532.4,
SKU046,2024-10-14,42,301372.68,
SKU046,2024-10-21,40,287021.6,
SKU046,2024-10-28,55,394654.7,
SKU046,2024-11-04,56,401830.24,
SKU046,2024-11-11,69,495112.26,
SKU046,2024-11-18,60,430532.4,
SKU046,2024-11-25,48,344425.92,
SKU046,2024-12-02,51,365952.54,
SKU046,2024-12-09,63,452059.02,
SKU046,2024-12-16,59,423356.86,
SKU046,2024-12-23,66,473585.64,
SKU046,2024-12-30,56,401830.24,63.0
SKU046,2025-01-06,72,516638.88,45.0
SKU046,2025-01-13,66,473585.64,52.0
SKU046,2025-01-20,60,430532.4,50.0
SKU046,2025-01-27,66,473585.64,73.0
SKU046,2025-02-03,76,545341.04,69.0
SKU046,2025-02-10,64,459234.56,73.0
SKU046,2025-02-17,70,502287.80000000005,66.0
SKU046,2025-02-24,88,631447.52,69.0
SKU046,2025-03-03,76,545341.04,90.0
SKU046,2025-03-10,77,552516.58,93.0
SKU046,2025-03-17,71,509463.34,86.0
SKU046,2025-03-24,70,502287.8,80.0
SKU046,2025-03-31,73,523814.42,75.0
SKU046,2025-04-07,59,423356.86,68.0
SKU046,2025-04-14,78,559692.12,72.0
SKU046,2025-04-21,79,566867.66,87.0
SKU046,2025-04-28,81,581218.74,70.0
SKU046,2025-05-05,60,430532.4,73.0
SKU046,2025-05-12,78,559692.12,78.0
SKU046,2025-05-19,67,480761.18,76.0
SKU046,2025-05-26,77,552516.58,80.0
SKU046,2025-06-02,75,538165.5,67.0
SKU046,2025-06-09,66,473585.64,76.0
SKU046,2025-06-16,58,416181.31999999995,64.0
SKU046,2025-06-23,79,566867.66,65.0
SKU046,2025-06-30,55,394654.7,63.0
SKU046,2025-07-07,78,559692.12,58.0
SKU046,2025-07-14,74,530989.96,60.0
SKU046,2025-07-21,78,559692.12,69.0
SKU046,2025-07-28,51,365952.54,62.0
SKU046,2025-08-04,69,495112.26,73.0
SKU046,2025-08-11,64,459234.56,59.0
SKU046,2025-08-18,54,387479.16000000003,60.0
SKU046,2025-08-25,58,416181.32,55.0
SKU046,2025-09-01,53,380303.62,60.0
SKU046,2025-09-08,56,401830.24,56.0
SKU046,2025-09-15,61,437707.94,54.0
SKU046,2025-09-22,73,523814.42,56.0
SKU046,2025-09-29,62,444883.48,54.0
SKU046,2025-10-06,47,337250.38,60.0
SKU046,2025-10-13,40,287021.6,42.0
SKU046,2025-10-20,50,358777.0,40.0
SKU046,2025-10-27,64,459234.56,55.0
SKU046,2025-11-03,49,351601.46,56.0
SKU046,2025-11-10,56,401830.24,69.0
SKU046,2025-11-17,53,380303.62,60.0
SKU046,2025-11-24,52,373128.07999999996,48.0
SKU046,2025-12-01,56,401830.24,51.0
SKU046,2025-12-08,66,473585.64,63.0
SKU046,2025-12-15,57,409005.77999999997,59.0
SKU046,2025-12-22,58,416181.32,66.0
SKU046,2025-12-29,17,121984.18,56.0
SKU047,2024-01-01,109,865265.98,
SKU047,2024-01-08,89,706501.58,
SKU047,2024-01-15,118,936709.96,
SKU047,2024-01-22,96,762069.12,
SKU047,2024-01-29,104,825574.88,
SKU047,2024-02-05,113,897018.86,
SKU047,2024-02-12,124,984339.28,
SKU047,2024-02-19,99,785883.78,
SKU047,2024-02-26,105,833513.1,
SKU047,2024-03-04,149,1182794.78,
SKU047,2024-03-11,132,1047845.04,
SKU047,2024-03-18,135,1071659.7,
SKU047,2024-03-25,123,976401.0599999999,
SKU047,2024-04-01,123,976401.06,
SKU047,2024-04-08,95,754130.9,
SKU047,2024-04-15,129,1024030.38,
SKU047,2024-04-22,130,1031968.6,
SKU047,2024-04-29,123,976401.0599999999,
SKU047,2024-05-06,112,889080.64,
SKU047,2024-05-13,102,809698.44,
SKU047,2024-05-20,127,1008153.94,
SKU047,2024-05-27,132,1047845.0399999999,
SKU047,2024-06-03,113,897018.86,
SKU047,2024-06-10,102,809698.44,
SKU047,2024-06-17,133,1055783.26,
SKU047,2024-06-24,128,1016092.16,
SKU047,2024-07-01,119,944648.1799999999,
SKU047,2024-07-08,84,666810.48,
SKU047,2024-07-15,102,809698.44,
SKU047,2024-07-22,108,857327.76,
SKU047,2024-07-29,99,785883.78,
SKU047,2024-08-05,93,738254.46,
SKU047,2024-08-12,66,523922.52,
SKU047,2024-08-19,101,801760.22,
SKU047,2024-08-26,110,873204.2,
SKU047,2024-09-02,96,762069.12,
SKU047,2024-09-09,75,595366.5,
SKU047,2024-09-16,94,746192.6799999999,
SKU047,2024-09-23,115,912895.3,
SKU047,2024-09-30,75,595366.5,
SKU047,2024-10-07,93,738254.46,
SKU047,2024-10-14,84,666810.48,
SKU047,2024-10-21,79,627119.38,
SKU047,2024-10-28,93,738254.46,
SKU047,2024-11-04,93,738254.46,
SKU047,2024-11-11,82,650934.04,
SKU047,2024-11-18,85,674748.7,
SKU047,2024-11-25,78,619181.16,
SKU047,2024-12-02,78,619181.16,
SKU047,2024-12-09,85,674748.7,
SKU047,2024-12-16,92,730316.24,
SKU047,2024-12-23,82,650934.04,
SKU047,2024-12-30,114,904957.08,109.0
SKU047,2025-01-06,110,873204.2000000001,89.0
SKU047,2025-01-13,84,666810.48,118.0
SKU047,2025-01-20,90,714439.8,96.0
SKU047,2025-01-27,99,785883.78,104.0
SKU047,2025-02-03,108,857327.76,113.0
SKU047,2025-02-10,104,825574.88,124.0
SKU047,2025-02-17,105,833513.1,99.0
SKU047,2025-02-24,107,849389.54,105.0
SKU047,2025-03-03,146,1158980.1199999999,149.0
SKU047,2025-03-10,134,1063721.48,132.0
SKU047,2025-03-17,128,1016092.16,135.0
SKU047,2025-03-24,125,992277.5,123.0
SKU047,2025-03-31,114,904957.08,123.0
SKU047,2025-04-07,104,825574.88,95.0
SKU047,2025-04-14,110,873204.2,129.0
SKU047,2025-04-21,115,912895.2999999999,130.0
SKU047,2025-04-28,122,968462.84,123.0
SKU047,2025-05-05,112,889080.64,112.0
SKU047,2025-05-12,103,817636.6599999999,102.0
SKU047,2025-05-19,114,904957.0800000001,127.0
SKU047,2025-05-26,122,968462.84,132.0
SKU047,2025-06-02,123,976401.0599999999,113.0
SKU047,2025-06-09,125,992277.5,102.0
SKU047,2025-06-16,133,1055783.26,133.0
SKU047,2025-06-23,110,873204.2,128.0
SKU047,2025-06-30,110,873204.2,119.0
SKU047,2025-07-07,106,841451.32,84.0
SKU047,2025-07-14,105,833513.1,102.0
SKU047,2025-07-21,107,849389.54,108.0
SKU047,2025-07-28,120,952586.3999999999,99.0
SKU047,2025-08-04,95,754130.9,93.0
SKU047,2025-08-11,101,801760.22,66.0
SKU047,2025-08-18,86,682686.92,101.0
SKU047,2025-08-25,92,730316.24,110.0
SKU047,2025-09-01,103,817636.66,96.0
SKU047,2025-09-08,78,619181.16,75.0
SKU047,2025-09-15,87,690625.14,94.0
SKU047,2025-09-22,94,746192.68,115.0
SKU047,2025-09-29,77,611242.94,75.0
SKU047,2025-10-06,81,642995.8200000001,93.0
SKU047,2025-10-13,76,603304.72,84.0
SKU047,2025-10-20,75,595366.5,79.0
SKU047,2025-10-27,101,801760.22,93.0
SKU047,2025-11-03,102,809698.44,93.0
SKU047,2025-11-10,101,801760.22,82.0
SKU047,2025-11-17,81,642995.82,85.0
SKU047,2025-11-24,90,714439.8,78.0
SKU047,2025-12-01,108,857327.76,78.0
SKU047,2025-12-08,86,682686.92,85.0
SKU047,2025-12-15,100,793822.0,92.0
SKU047,2025-12-22,88,698563.36,82.0
SKU047,2025-12-29,41,325467.02,114.0
SKU048,2024-01-01,76,104845.8,
SKU048,2024-01-08,51,70357.05,
SKU048,2024-01-15,52,71736.6,
SKU048,2024-01-22,42,57941.1,
SKU048,2024-01-29,52,71736.6,
SKU048,2024-02-05,61,84152.55,
SKU048,2024-02-12,54,74495.7,
SKU048,2024-02-19,64,88291.2,
SKU048,2024-02-26,73,100707.15,
SKU048,2024-03-04,65,89670.75,
SKU048,2024-03-11,76,104845.8,
SKU048,2024-03-18,70,96568.5,
SKU048,2024-03-25,79,108984.45,
SKU048,2024-04-01,59,81393.45,
SKU048,2024-04-08,65,89670.75,
SKU048,2024-04-15,74,102086.7,
SKU048,2024-04-22,54,74495.7,
SKU048,2024-04-29,60,82773.0,
SKU048,2024-05-06,71,97948.05,
SKU048,2024-05-13,69,95188.95,
SKU048,2024-05-20,66,91050.3,
SKU048,2024-05-27,76,104845.8,
SKU048,2024-06-03,68,93809.4,
SKU048,2024-06-10,67,92429.84999999999,
SKU048,2024-06-17,74,102086.7,
SKU048,2024-06-24,57,78634.35,
SKU048,2024-07-01,64,88291.2,
SKU048,2024-07-08,66,91050.3,
SKU048,2024-07-15,58,80013.9,
SKU048,2024-07-22,58,80013.9,
SKU048,2024-07-29,55,75875.25,
SKU048,2024-08-05,53,73116.15,
SKU048,2024-08-12,59,81393.45,
SKU048,2024-08-19,59,81393.45,
SKU048,2024-08-26,65,89670.75,
SKU048,2024-09-02,41,56561.55,
SKU048,2024-09-09,63,86911.65,
SKU048,2024-09-16,56,77254.8,
SKU048,2024-09-23,48,66218.4,
SKU048,2024-09-30,47,64838.850000000006,
SKU048,2024-10-07,51,70357.05,
SKU048,2024-10-14,51,70357.05,
SKU048,2024-10-21,53,73116.15,
SKU048,2024-10-28,63,86911.65,
SKU048,2024-11-04,45,62079.75,
SKU048,2024-11-11,57,78634.35,
SKU048,2024-11-18,55,75875.25,
SKU048,2024-11-25,56,77254.8,
SKU048,2024-12-02,50,68977.5,
SKU048,2024-12-09,55,75875.25,
SKU048,2024-12-16,41,56561.549999999996,
SKU048,2024-12-23,62,85532.1,
SKU048,2024-12-30,52,71736.6,76.0
SKU048,2025-01-06,57,78634.35,51.0
SKU048,2025-01-13,61,84152.55,52.0
SKU048,2025-01-20,71,97948.05,42.0
SKU048,2025-01-27,63,86911.65,52.0
SKU048,2025-02-03,53,73116.15,61.0
SKU048,2025-02-10,44,60700.2,54.0
SKU048,2025-02-17,59,81393.45,64.0
SKU048,2025-02-24,72,99327.6,73.0
SKU048,2025-03-03,67,92429.85,65.0
SKU048,2025-03-10,71,97948.05,76.0
SKU048,2025-03-17,64,88291.2,70.0
SKU048,2025-03-24,76,104845.8,79.0
SKU048,2025-03-31,61,84152.55,59.0
SKU048,2025-04-07,80,110364.0,65.0
SKU048,2025-04-14,79,108984.45,74.0
SKU048,2025-04-21,56,77254.8,54.0
SKU048,2025-04-28,73,100707.15,60.0
SKU048,2025-05-05,74,102086.70000000001,71.0
SKU048,2025-05-12,71,97948.05,69.0
SKU048,2025-05-19,61,84152.55,66.0
SKU048,2025-05-26,71,97948.04999999999,76.0
SKU048,2025-06-02,67,92429.85,68.0
SKU048,2025-06-09,59,81393.45,67.0
SKU048,2025-06-16,77,106225.35,74.0
SKU048,2025-06-23,73,100707.15000000001,57.0
SKU048,2025-06-30,50,68977.5,64.0
SKU048,2025-07-07,48,66218.4,66.0
SKU048,2025-07-14,52,71736.6,58.0
SKU048,2025-07-21,67,92429.85,58.0
SKU048,2025-07-28,43,59320.65,55.0
SKU048,2025-08-04,50,68977.5,53.0
SKU048,2025-08-11,35,48284.25,59.0
SKU048,2025-08-18,45,62079.75,59.0
SKU048,2025-08-25,60,82773.0,65.0
SKU048,2025-09-01,57,78634.35,41.0
SKU048,2025-09-08,58,80013.9,63.0
SKU048,2025-09-15,54,74495.7,56.0
SKU048,2025-09-22,50,68977.5,48.0
SKU048,2025-09-29,46,63459.3,47.0
SKU048,2025-10-06,51,70357.05,51.0
SKU048,2025-10-13,59,81393.45,51.0
SKU048,2025-10-20,31,42766.05,53.0
SKU048,2025-10-27,61,84152.55,63.0
SKU048,2025-11-03,63,86911.65,45.0
SKU048,2025-11-10,47,64838.850000000006,57.0
SKU048,2025-11-17,63,86911.65,55.0
SKU048,2025-11-24,36,49663.8,56.0
SKU048,2025-12-01,57,78634.34999999999,50.0
SKU048,2025-12-08,55,75875.25,55.0
SKU048,2025-12-15,58,80013.9,41.0
SKU048,2025-12-22,40,55182.0,62.0
SKU048,2025-12-29,21,28970.550000000003,52.0
SKU049,2024-01-01,177,924536.49,
SKU049,2024-01-08,178,929759.86,
SKU049,2024-01-15,184,961100.0800000001,
SKU049,2024-01-22,181,945429.97,
SKU049,2024-01-29,178,929759.86,
SKU049,2024-02-05,191,997663.6699999999,
SKU049,2024-02-12,194,1013333.78,
SKU049,2024-02-19,186,971546.82,
SKU049,2024-02-26,192,1002887.04,
SKU049,2024-03-04,207,1081237.59,
SKU049,2024-03-11,190,992440.3,
SKU049,2024-03-18,228,1190928.3599999999,
SKU049,2024-03-25,221,1154364.77,
SKU049,2024-04-01,219,1143918.03,
SKU049,2024-04-08,199,1039450.63,
SKU049,2024-04-15,193,1008110.4099999999,
SKU049,2024-04-22,222,1159588.14,
SKU049,2024-04-29,219,1143918.03,
SKU049,2024-05-06,200,1044674.0,
SKU049,2024-05-13,192,1002887.04,
SKU049,2024-05-20,178,929759.86,
SKU049,2024-05-27,196,1023780.52,
SKU049,2024-06-03,194,1013333.78,
SKU049,2024-06-10,190,992440.3,
SKU049,2024-06-17,187,976770.19,
SKU049,2024-06-24,200,1044674.0,
SKU049,2024-07-01,167,872302.7899999999,
SKU049,2024-07-08,165,861856.0499999999,
SKU049,2024-07-15,188,981993.56,
SKU049,2024-07-22,174,908866.38,
SKU049,2024-07-29,176,919313.12,
SKU049,2024-08-05,164,856632.6799999999,
SKU049,2024-08-12,151,788728.87,
SKU049,2024-08-19,138,720825.0599999999,
SKU049,2024-08-26,156,814845.72,
SKU049,2024-09-02,152,793952.24,
SKU049,2024-09-09,164,856632.6799999999,
SKU049,2024-09-16,150,783505.5,
SKU049,2024-09-23,178,929759.86,
SKU049,2024-09-30,147,767835.39,
SKU049,2024-10-07,151,788728.87,
SKU049,2024-10-14,129,673814.73,
SKU049,2024-10-21,148,773058.76,
SKU049,2024-10-28,140,731271.8,
SKU049,2024-11-04,160,835739.2,
SKU049,2024-11-11,141,736495.1699999999,
SKU049,2024-11-18,136,710378.32,
SKU049,2024-11-25,145,757388.6499999999,
SKU049,2024-12-02,149,778282.13,
SKU049,2024-12-09,150,783505.5,
SKU049,2024-12-16,161,840962.5700000001,
SKU049,2024-12-23,135,705154.95,
SKU049,2024-12-30,198,1034227.26,177.0
SKU049,2025-01-06,177,924536.49,178.0
SKU049,2025-01-13,183,955876.71,184.0
SKU049,2025-01-20,154,804398.98,181.0
SKU049,2025-01-27,160,835739.2,178.0
SKU049,2025-02-03,199,1039450.63,191.0
SKU049,2025-02-10,182,950653.3400000001,194.0
SKU049,2025-02-17,184,961100.08,186.0
SKU049,2025-02-24,207,1081237.59,192.0
SKU049,2025-03-03,214,1117801.18,207.0
SKU049,2025-03-10,190,992440.3,190.0
SKU049,2025-03-17,218,1138694.66,228.0
SKU049,2025-03-24,230,1201375.1,221.0
SKU049,2025-03-31,184,961100.0800000001,219.0
SKU049,2025-04-07,213,1112577.81,199.0
SKU049,2025-04-14,198,1034227.26,193.0
SKU049,2025-04-21,203,1060344.1099999999,222.0
SKU049,2025-04-28,202,1055120.74,219.0
SKU049,2025-05-05,222,1159588.1400000001,200.0
SKU049,2025-05-12,185,966323.45,192.0
SKU049,2025-05-19,187,976770.19,178.0
SKU049,2025-05-26,213,1112577.81,196.0
SKU049,2025-06-02,206,1076014.22,194.0
SKU049,2025-06-09,206,1076014.22,190.0
SKU049,2025-06-16,197,1029003.8899999999,187.0
SKU049,2025-06-23,220,1149141.4,200.0
SKU049,2025-06-30,156,814845.72,167.0
SKU049,2025-07-07,179,934983.23,165.0
SKU049,2025-07-14,171,893196.27,188.0
SKU049,2025-07-21,168,877526.1599999999,174.0
SKU049,2025-07-28,158,825292.46,176.0
SKU049,2025-08-04,159,830515.8300000001,164.0
SKU049,2025-08-11,163,851409.3099999999,151.0
SKU049,2025-08-18,145,757388.65,138.0
SKU049,2025-08-25,159,830515.83,156.0
SKU049,2025-09-01,152,793952.24,152.0
SKU049,2025-09-08,167,872302.79,164.0
SKU049,2025-09-15,158,825292.46,150.0
SKU049,2025-09-22,168,877526.1599999999,178.0
SKU049,2025-09-29,142,741718.54,147.0
SKU049,2025-10-06,137,715601.69,151.0
SKU049,2025-10-13,152,793952.24,129.0
SKU049,2025-10-20,138,720825.06,148.0
SKU049,2025-10-27,150,783505.5,140.0
SKU049,2025-11-03,152,793952.24,160.0
SKU049,2025-11-10,160,835739.2,141.0
SKU049,2025-11-17,139,726048.4299999999,136.0
SKU049,2025-11-24,159,830515.8300000001,145.0
SKU049,2025-12-01,167,872302.79,149.0
SKU049,2025-12-08,171,893196.27,150.0
SKU049,2025-12-15,147,767835.39,161.0
SKU049,2025-12-22,166,867079.4199999999,135.0
SKU049,2025-12-29,47,245498.39,198.0
SKU050,2024-01-01,49,43253.28,
SKU050,2024-01-08,40,35308.8,
SKU050,2024-01-15,25,22068.0,
SKU050,2024-01-22,37,32660.64,
SKU050,2024-01-29,42,37074.24,
SKU050,2024-02-05,38,33543.36,
SKU050,2024-02-12,33,29129.76,
SKU050,2024-02-19,35,30895.2,
SKU050,2024-02-26,57,50315.04,
SKU050,2024-03-04,49,43253.28,
SKU050,2024-03-11,55,48549.6,
SKU050,2024-03-18,51,45018.72,
SKU050,2024-03-25,60,52963.2,
SKU050,2024-04-01,41,36191.520000000004,
SKU050,2024-04-08,43,37956.96,
SKU050,2024-04-15,49,43253.28,
SKU050,2024-04-22,55,48549.600000000006,
SKU050,2024-04-29,50,44136.0,
SKU050,2024-05-06,45,39722.4,
SKU050,2024-05-13,58,51197.76,
SKU050,2024-05-20,37,32660.64,
SKU050,2024-05-27,50,44136.0,
SKU050,2024-06-03,52,45901.44,
SKU050,2024-06-10,49,43253.28,
SKU050,2024-06-17,50,44136.0,
SKU050,2024-06-24,47,41487.84,
SKU050,2024-07-01,44,38839.68,
SKU050,2024-07-08,42,37074.24,
SKU050,2024-07-15,50,44136.0,
SKU050,2024-07-22,29,25598.88,
SKU050,2024-07-29,39,34426.08,
SKU050,2024-08-05,33,29129.76,
SKU050,2024-08-12,49,43253.28,
SKU050,2024-08-19,29,25598.88,
SKU050,2024-08-26,37,32660.64,
SKU050,2024-09-02,37,32660.64,
SKU050,2024-09-09,52,45901.44,
SKU050,2024-09-16,27,23833.440000000002,
SKU050,2024-09-23,25,22068.0,
SKU050,2024-09-30,34,30012.48,
SKU050,2024-10-07,33,29129.760000000002,
SKU050,2024-10-14,38,33543.36,
SKU050,2024-10-21,38,33543.36,
SKU050,2024-10-28,36,31777.92,
SKU050,2024-11-04,54,47666.880000000005,
SKU050,2024-11-11,48,42370.56,
SKU050,2024-11-18,39,34426.08,
SKU050,2024-11-25,37,32660.64,
SKU050,2024-12-02,33,29129.760000000002,
SKU050,2024-12-09,37,32660.64,
SKU050,2024-12-16,32,28247.04,
SKU050,2024-12-23,54,47666.880000000005,
SKU050,2024-12-30,47,41487.84,49.0
SKU050,2025-01-06,40,35308.8,40.0
SKU050,2025-01-13,40,35308.8,25.0
SKU050,2025-01-20,45,39722.4,37.0
SKU050,2025-01-27,36,31777.920000000002,42.0
SKU050,2025-02-03,41,36191.520000000004,38.0
SKU050,2025-02-10,51,45018.72,33.0
SKU050,2025-02-17,44,38839.68,35.0
SKU050,2025-02-24,53,46784.16,57.0
SKU050,2025-03-03,67,59142.240000000005,49.0
SKU050,2025-03-10,52,45901.44,55.0
SKU050,2025-03-17,61,53845.92,51.0
SKU050,2025-03-24,49,43253.28,60.0
SKU050,2025-03-31,65,57376.8,41.0
SKU050,2025-04-07,48,42370.56,43.0
SKU050,2025-04-14,46,40605.12,49.0
SKU050,2025-04-21,46,40605.12,55.0
SKU050,2025-04-28,45,39722.4,50.0
SKU050,2025-05-05,53,46784.16,45.0
SKU050,2025-05-12,51,45018.72,58.0
SKU050,2025-05-19,70,61790.4,37.0
SKU050,2025-05-26,61,53845.92,50.0
SKU050,2025-06-02,45,39722.4,52.0
SKU050,2025-06-09,49,43253.28,49.0
SKU050,2025-06-16,63,55611.36,50.0
SKU050,2025-06-23,55,48549.6,47.0
SKU050,2025-06-30,44,38839.68,44.0
SKU050,2025-07-07,49,43253.28,42.0
SKU050,2025-07-14,53,46784.159999999996,50.0
SKU050,2025-07-21,43,37956.96,29.0
SKU050,2025-07-28,36,31777.92,39.0
SKU050,2025-08-04,35,30895.2,33.0
SKU050,2025-08-11,43,37956.96,49.0
SKU050,2025-08-18,35,30895.2,29.0
SKU050,2025-08-25,34,30012.48,37.0
SKU050,2025-09-01,29,25598.879999999997,37.0
SKU050,2025-09-08,33,29129.760000000002,52.0
SKU050,2025-09-15,30,26481.6,27.0
SKU050,2025-09-22,38,33543.36,25.0
SKU050,2025-09-29,35,30895.2,34.0
SKU050,2025-10-06,39,34426.08,33.0
SKU050,2025-10-13,31,27364.32,38.0
SKU050,2025-10-20,31,27364.32,38.0
SKU050,2025-10-27,32,28247.04,36.0
SKU050,2025-11-03,46,40605.12,54.0
SKU050,2025-11-10,40,35308.8,48.0
SKU050,2025-11-17,41,36191.520000000004,39.0
SKU050,2025-11-24,30,26481.600000000002,37.0
SKU050,2025-12-01,40,35308.8,33.0
SKU050,2025-12-08,34,30012.48,37.0
SKU050,2025-12-15,34,30012.48,32.0
SKU050,2025-12-22,49,43253.28,54.0
SKU050,2025-12-29,27,23833.440000000002,47.0
